{
    "id": "TS_DOC_LAYOUT_TEMPLATE",
    "offeringId": "SCO",
    "state": "ACTIVE",
    "sequence": 0.0,
    "tenantId": "98117773-c3b9-45bb-b9ea-0bc37065b037",
    "type": "Detail_Layout",
    "widgets": [
        {
            "offeringId": "SCO",
            "tenantId": "98117773-c3b9-45bb-b9ea-0bc37065b037",
            "id": "TS_DOCUMENT_DETAILS_IFRAME",
            "layoutId": "TS_DOC_LAYOUT_TEMPLATE",
            "sequence": 1.0,
            "widgetDefinitionId": "TS_DOCUMENT_DETAILS_IFRAME",
            "name": "TS_DOCUMENT_DETAILS_IFRAME",
            "parentWidgetId": "",
            "widgetProperties": {},
            "displayProperties": {
                "colSpan": "4",
                "rowSpan": "20",
                "xPos": "0",
                "yPos": "0",
                "chartType": "iframe",
                "fullBodyWidget": "true",
                "enabled": "true",
                "section": "layout_body"
            }
        }
    ],
    "defaultLanguage": "en",
    "descriptions": {
        "en": {
            "name": "TS Document Details",
            "description": "TS Document Details"
        }
    },
    "properties": [
        {
            "name": "breadcrumbEnabled",
            "metaInformation": "layoutOption",
            "values": [
                "false"
            ]
        },
        {
            "name": "timestampEnabled",
            "metaInformation": "layoutOption",
            "values": [
                "false"
            ]
        },
        {
            "name": "hideTitle",
            "metaInformation": "layoutOption",
            "values": [
                "true"
            ]
        }
    ],
    "version": 1
}
