﻿partNumber,productType,category.code,brand.code,family.code,line.code,segment.code,status,value,valueCurrency,defaultQuantityUnits,name,description,plannerCode,sourceLink
GE-2.5-116,TURBINE,10MW,GE,2.5-116,Pitch,IEC S,ACTIVE,2.50, MW , MW ,GE-2.5-116,GE 2.5-116 IEC S,,
Gamesa-G97/2000,TURBINE,10MW,Gamesa,G97/2000,Pitch,IEC IIIa,ACTIVE,2, MW , MW ,Gamesa-G97/2000,Gamesa G97/2000 IEC IIIa,,
GE-2.3-116,TURBINE,10MW,GE,2.3-116,Pitch,IEC S,ACTIVE,2.50, MW , MW ,GE-2.3-116,GE 2.3-116 IEC S,,
GE-5.3-158,TURBINE,10MW,GE,5.3-158,Pitch,IEC S,ACTIVE,5.3, MW , MW ,GE-5.3-158,GE 5.3-158 IEC S,,
Vestas-V82/1650,TURBINE,10MW,Vestas,V82/1650,Pitch,IEC II/III,ACTIVE,1.65, MW , MW ,Vestas-V82/1650,Vestas V82/1650 IEC II/III,,
