 {"eventCode":"objectUpsertEvent","tenantId":"a00d66da-09db-4d14-a26f-a1bab83f147d","eventDetails":{"businessObject":{"type":"Location","globalIdentifiers":[{"name":"sterlingSupplyChain.globalId","value":"Chestnut Flats"},{"name":"eisLocationPrimaryDKey","value":"f2d67320-0496-446e-995e-c74f0130bbe8"}],"localIdentifiers":[{"name": "eisLocationDashboardId","value": "f2d67320-0496-446e-995e-c74f0130bbe8","order": 1}],"customAttributes":{"currentWindFloat":3.208,"infoLinkString":"https://www.thewindpower.net/windfarm_en_23239_assurua.php"}}}}
 {"eventCode":"objectUpsertEvent","tenantId":"a00d66da-09db-4d14-a26f-a1bab83f147d","eventDetails":{"businessObject":{"type":"Location","globalIdentifiers":[{"name":"sterlingSupplyChain.globalId","value":"Arbor Hill"},{"name":"eisLocationPrimaryDKey","value":"f2d67320-0496-446e-995e-c74f0130bbe8"}],"localIdentifiers":[{"name": "eisLocationDashboardId","value": "f2d67320-0496-446e-995e-c74f0130bbe8","order": 1}],"customAttributes":{"currentWindFloat":9.153,"infoLinkString":"https://www.thewindpower.net/windfarm_en_25684_cge-delta-3-iii.php"}}}}
 {"eventCode":"objectUpsertEvent","tenantId":"a00d66da-09db-4d14-a26f-a1bab83f147d","eventDetails":{"businessObject":{"type":"Location","globalIdentifiers":[{"name":"sterlingSupplyChain.globalId","value":"South Fork"},{"name":"eisLocationPrimaryDKey","value":"effdd6dc-7fad-4bcf-a1c7-b67ae01e9ef5"}],"localIdentifiers":[{"name": "eisLocationDashboardId","value": "effdd6dc-7fad-4bcf-a1c7-b67ae01e9ef5","order": 1}],"customAttributes":{"currentWindFloat":7.45,"infoLinkString":"https://www.thewindpower.net/windfarm_en_21575_cge-delta-1.php"}}}}
 {"eventCode":"objectUpsertEvent","tenantId":"a00d66da-09db-4d14-a26f-a1bab83f147d","eventDetails":{"businessObject":{"type":"Location","globalIdentifiers":[{"name":"sterlingSupplyChain.globalId","value":"Crescent Ridge I"},{"name":"eisLocationPrimaryDKey","value":"33f2229f-3eaa-435e-8804-423cfa2287a9"}],"localIdentifiers":[{"name": "eisLocationDashboardId","value": "33f2229f-3eaa-435e-8804-423cfa2287a9","order": 1}],"customAttributes":{"currentWindFloat":8.75,"infoLinkString":"https://www.thewindpower.net/windfarm_en_23641_verace.php"}}}}
 {"eventCode":"objectUpsertEvent","tenantId":"a00d66da-09db-4d14-a26f-a1bab83f147d","eventDetails":{"businessObject":{"type":"Location","globalIdentifiers":[{"name":"sterlingSupplyChain.globalId","value":"Stoney Corners"},{"name":"eisLocationPrimaryDKey","value":"33f2229f-3eaa-435e-8804-423cfa2287a9"}],"localIdentifiers":[{"name": "eisLocationDashboardId","value": "33f2229f-3eaa-435e-8804-423cfa2287a9","order":1}],"customAttributes":{"currentWindFloat":6.55,"infoLinkString":"https://www.thewindpower.net/windfarm_en_30512_ventos-da-bahia-xxiii.php"}}}}
 {"eventCode":"objectUpsertEvent","tenantId":"a00d66da-09db-4d14-a26f-a1bab83f147d","eventDetails":{"businessObject":{"type":"Location","globalIdentifiers":[{"name":"sterlingSupplyChain.globalId","value":"Rosiere Wind Farm"},{"name":"eisLocationPrimaryDKey","value":"effdd6dc-7fad-4bcf-a1c7-b67ae01e9ef5"}],"localIdentifiers":[{"name": "eisLocationDashboardId","value": "effdd6dc-7fad-4bcf-a1c7-b67ae01e9ef5","order": 1}],"customAttributes":{"currentWindFloat":3.9,"infoLinkString":"https://www.thewindpower.net/windfarm_en_17042_gargau.php"}}}}
