
{
    "offeringId": "SCO",
	"id": "inventorylot_count",
    "state": "ACTIVE",
    "identifier": "inventorylot_count",
    "type": "Dashboard_Widget",
    "tenantId": "98117773-c3b9-45bb-b9ea-0bc37065b037",
    "path": "/api",
    "vendor": "IBM",
    "defaultLanguage": "en",
    "version": 1,
    "descriptions":
    {
        "en":
        {
            "name": "Inspection count",
            "language": "en",
            "description": "Number of inspections."
        }
    },
    "devConfigurations": [
        {
            "name": "header.type",
            "values": [
                "text_header"
            ],
            "metaInformation": "widgetOption"
        },
        {
            "name": "header.title",
            "values": [
                "Inspection count"
            ],
            "metaInformation": "widgetOption"
        },
        {
            "name": "header.tooltip",
            "values": [
                "Inventory lot count title tooltip"
            ],
            "metaInformation": "widgetOption"
        },
        {
            "name": "icons[0].type",
            "values": [
                "kebab_menu"
            ],
            "metaInformation": "widgetOption"
        },
        {
            "name": "icons[0].options[0]",
            "values": [
                "move"
            ],
            "metaInformation": "widgetOption"
        },
        {
            "name": "draggable",
            "values": [
                "true"
            ],
            "metaInformation": "widgetOption"
        },
        {
            "name": "data.service",
            "values": [
                "infohub"
            ]
        },
        {
            "name": "queries[0].fields",
            "values": [
                "query dashboardMetrics($tenantId: String, $customerFilter: BooleanExp = { CONSTANT_VALUE: true }, $supplierFilter: BooleanExp = { CONSTANT_VALUE: true }, $originFilter: BooleanExp = { CONSTANT_VALUE: true }, $destinationFilter: BooleanExp = { CONSTANT_VALUE: true } ) { inspectionCount: businessObjects( advancedFilter: { AND: [ $customerFilter, $supplierFilter, $originFilter, $destinationFilter] }, cursorParams: { first: 0 }, hint: { viewId: \"graph\" }, simpleFilter: { tenantId: $tenantId, type: InventoryLot } ) { totalCount } } "
            ],
            "metaInformation": "infohub.fields"
        },
        {
            "name": "queries[0].variables.tenantId",
            "values": [
                "{{ tenantId }}"
            ],
            "metaInformation": "infohub.variable.dynamic"
        },
        {
            "name": "queries[0].variables.customerFilter",
            "values": [
                "{ \"EQUALS_ANY\": [ {\"SELECT\": \"buyer.id\", \"type\": \"STRING\" }, { \"VALUES\": {{ inventory.appliedFilters.Customer.ids }}, \"type\": \"STRING\" } ] }"
            ],
            "metaInformation": "infohub.variable.dynamicExpr"
        },
        {
            "name": "queries[0].variables.supplierFilter",
            "values": [
                "{ \"EQUALS_ANY\": [ {\"SELECT\": \"vendor.id\", \"type\": \"STRING\" }, { \"VALUES\": {{ inventory.appliedFilters.Supplier.ids }}, \"type\": \"STRING\" } ] }"
            ],
            "metaInformation": "infohub.variable.dynamicExpr"
        },
        {
            "name": "queries[0].variables.originFilter",
            "values": [
                "{ \"EQUALS_ANY\": [ {\"SELECT\": \"shipFromLocation.id\", \"type\": \"STRING\" }, { \"VALUES\": {{ inventory.appliedFilters.Origin.ids }}, \"type\": \"STRING\" } ] }"
            ],
            "metaInformation": "infohub.variable.dynamicExpr"
        },
        {
            "name": "queries[0].variables.destinationFilter",
            "values": [
                "{ \"EQUALS_ANY\": [ {\"SELECT\": \"shipToLocation.id\", \"type\": \"STRING\" }, { \"VALUES\": {{ inventory.appliedFilters.Destination.ids }}, \"type\": \"STRING\" } ] }"
            ],
            "metaInformation": "infohub.variable.dynamicExpr"
        },
        {
            "name": "items[0].count.href.labelType",
            "values": [
                "numberTpl"
            ],
            "metaInformation": "gridOption"
        },
        {
            "name": "items[0].count.label",
            "values": [
                "{{ inspectionTotalCount }}"
            ],
            "metaInformation": "gridOption"
        },
        {
            "name": "items[0].units.direction",
            "values": [
                "horizontal"
            ],
            "metaInformation": "gridOption"
        },
        {
            "name": "items[0].units.label",
            "values": [
                "Inspections"
            ],
            "metaInformation": "gridOption"
        },
        {
            "name": "items[0].count.customTemplate",
            "values": [
                "linkTpl"
            ],
            "metaInformation": "gridOption"
        },
        {
            "name": "items[0].count.href.type",
            "values": [
                "LAYOUT_TEMPLATE"
            ],
            "metaInformation": "gridOption"
        },
        {
            "name": "items[0].count.href.id",
            "values": [
                "OPEN_SUPPLY_ORDER_KPI_VIEW_ALL_LAYOUT_TEMPLATE"
            ],
            "metaInformation": "gridOption"
        },
        {
            "name": "inventory.appliedFilters",
            "values": [
                "refreshData"
            ],
            "metaInformation": "stateSubscription"
        },
        {
            "name": "widgetInitialized",
            "values": [
                "refreshData"
            ],
            "metaInformation": "eventSubscription"
        },
        {
            "name": "transformation",
            "values": [
                "{ \"errors\": \"{{#? this.errors}}\", \"pageInfo\": \"{}\", \"totalCount\": [\"{{this.data.inspectionCount.totalCount}}\"], \"results\": [ { \"inspectionTotalCount\": \"{{this.data.inspectionCount.totalCount}}\" } ] }"
            ],
            "metaInformation": "widgetOption"
        },
        {
            "name": "state.empty.title",
            "values": [
                "COMMON.EMPTY_TITLE"
            ],
            "metaInformation": "widgetOption"
        },
        {
            "name": "state.empty.body",
            "values": [
                "COMMON.EMPTY_BODY"
            ],
            "metaInformation": "widgetOption"
        },
        {
            "name": "state.empty.link.label",
            "values": [
                "COMMON.EMPTY_LINK_LABEL"
            ],
            "metaInformation": "widgetOption"
        },
        {
            "name": "state.empty.link.href.type",
            "values": [
                "NEW_WINDOW"
            ],
            "metaInformation": "widgetOption"
        },
        {
            "name": "state.empty.link.href.path",
            "values": [
                "https://www.ibm.com/docs/en/sscis?topic=troubleshooting-no-data-display"
            ],
            "metaInformation": "widgetOption"
        }
    ],
    "userConfigurations": [
        {
            "name": "chartType",
            "values": [
                "summary"
            ]
        }
    ],
    "adminConfigurations": []
}
