
{
    "offeringId": "SCO",
    "id": "failedInspectionsByCategory",
    "state": "ACTIVE",
    "identifier": "failedInspectionsByCategory",
    "type": "Dashboard_Widget",
    "tenantId": "98117773-c3b9-45bb-b9ea-0bc37065b037",
    "path": "/api",
    "vendor": "IBM",
    "defaultLanguage": "en",
    "version": 1,
    "descriptions":
    {
        "en":
        {
            "name": "Failed inspections by category",
            "description": "Failed inspections by category"
        }
    },
    "devConfigurations": [
        {
            "name": "draggable",
            "values": [
                "true"
            ],
            "metaInformation": "widgetOption"
        },
        {
            "name": "icons[0].type",
            "values": [
                "kebab_menu"
            ],
            "metaInformation": "widgetOption"
        },
        {
            "name": "icons[0].options[0]",
            "values": [
                "move"
            ],
            "metaInformation": "widgetOption"
        },
        {
            "name": "chart.type",
            "values": [
                "simpleBar"
            ],
            "metaInformation": "widgetOption"
        },
        {
            "name": "header.type",
            "values": [
                "text_header"
            ],
            "metaInformation": "widgetOption"
        },
        {
            "name": "header.title",
            "values": [
                "Failed inspections by category"
            ],
            "metaInformation": "widgetOption"
        },
        {
            "name": "header.tooltip",
            "values": [
                "Failed inspections by category"
            ],
            "metaInformation": "widgetOption"
        },
        {
            "name": "chart.options.axes.bottom.mapsTo",
            "values": [
                "group"
            ],
            "metaInformation": "widgetOption"
        },
        {
            "name": "chart.options.axes.bottom.scaleType",
            "values": [
                "labels"
            ],
            "metaInformation": "widgetOption"
        },
        {
            "name": "chart.options.axes.bottom.title",
            "values": [
                "Produce category"
            ],
            "metaInformation": "widgetOption"
        },
        {
            "name": "chart.options.axes.left.mapsTo",
            "values": [
                "value"
            ],
            "metaInformation": "widgetOption"
        },
        {
            "name": "chart.options.axes.left.title",
            "values": [
                "Count"
            ],
            "metaInformation": "widgetOption"
        },
        {
            "name": "chart.options.tooltip.showTotal",
            "values": [
                "true"
            ],
            "metaInformation": "widgetOption"
        },
        {
            "name": "data.service",
            "values": [
                "infohub"
            ]
        },
        {
            "name": "queries[0].fields",
            "values": [
                "query failedInspectionsByCategory($tenantId: String!, $locationFilter: BooleanExp = {CONSTANT_VALUE: true}, $categoryFilter: BooleanExp = {CONSTANT_VALUE: true}, $supplierFilter: BooleanExp = {CONSTANT_VALUE: true}) {failedInspectionsByCategoryChar: businessObjects (simpleFilter: {type: InventoryLot, tenantId: $tenantId}, hint: {viewId: \"graph\"}, advancedFilter: {AND: [{OR: [{EQUALS: [{SELECT: \"customAttributes.firmnessStatusString\", type: STRING}, {VALUE: \"HIGH\", type: STRING}]}, {EQUALS: [{SELECT: \"customAttributes.firmnessStatusString\",  type: STRING}, {VALUE: \"LOW\", type: STRING}]}, {EQUALS: [{SELECT: \"customAttributes.ripenessStatusString\", type: STRING}, {VALUE: \"HIGH\", type: STRING}]}, {EQUALS: [{SELECT: \"customAttributes.ripenessStatusString\", type: STRING}, {VALUE: \"LOW\", type: STRING}]}, {EQUALS: [{SELECT: \"customAttributes.sweetnessStatusString\", type: STRING}, {VALUE: \"HIGH\", type: STRING}]}, {EQUALS: [{SELECT: \"customAttributes.sweetnessStatusString\", type: STRING}, {VALUE: \"LOW\", type: STRING}]}, {EQUALS: [{SELECT: \"customAttributes.weightStatusString\", type: STRING}, {VALUE: \"HIGH\", type: STRING}]}, {EQUALS: [{SELECT: \"customAttributes.weightStatusString\", type: STRING}, {VALUE: \"LOW\", type: STRING}]}]}, $locationFilter, $categoryFilter, $supplierFilter]}, aggregationParams: {paginationParams: {first: 25, sort: [{fieldPath: \"product.category.name\", order: ASC}]}, dimension: {fieldPath: \"product.category.name\", type: STRING}, reduce: {expression: {fieldPath: \"inventoryType\", operator: COUNT, type: INT}, output: {resultAlias: \"countByCategory\", type: INT}}}) {totalCount aggregationResults {dimensionValues {name value} values {name numValue}}}}"
            ],
            "metaInformation": "infohub.fields"
        },
        {
            "name": "queries[0].variables.tenantId",
            "values": [
                "{{ tenantId }}"
            ],
            "metaInformation": "infohub.variable.dynamic"
        },
        {
            "name": "queries[0].variables.locationFilter",
            "values": [
                "{\"EQUALS_ANY\": [{\"SELECT\": \"shipToLocation.id\", \"type\": \"STRING\"},{\"VALUES\": {{ supply.appliedFilters.Location.ids }}, \"type\": \"STRING\"}]}"
            ],
            "metaInformation": "infohub.variable.dynamicExpr"
        },
        {
            "name": "queries[0].variables.categoryFilter",
            "values": [
                "{ \"EQUALS_ANY\": [ {\"SELECT\": \"product.category.id\", \"type\": \"STRING\" }, { \"VALUES\": {{ supply.appliedFilters.Category.ids }}, \"type\": \"STRING\" } ] }"
            ],
            "metaInformation": "infohub.variable.dynamicExpr"
        },
        {
            "name": "queries[0].variables.supplierFilter",
            "values": [
                "{ \"EQUALS_ANY\": [ {\"SELECT\": \"order.vendor.id\", \"type\": \"STRING\" }, { \"VALUES\": {{ supply.appliedFilters.Supplier.ids }}, \"type\": \"STRING\" } ] }"
            ],
            "metaInformation": "infohub.variable.dynamicExpr"
        },
        {
            "name": "supply.appliedFilters",
            "values": [
                "refreshData"
            ],
            "metaInformation": "stateSubscription"
        },
        {
            "name": "widgetInitialized",
            "values": [
                "refreshData"
            ],
            "metaInformation": "eventSubscription"
        },
        {
            "name": "transformation",
            "values": [
                "{\"totalCount\": \"{{ this.data.failedInspectionsByCategoryChar.totalCount }}\", \"errors\": \"{{#? this.errors}}\", \"pageInfo\": \"{}\", \"results\": {\"{{#each this.data.failedInspectionsByCategoryChar.aggregationResults}}\": { \"group\": \"{{dimensionValues[0].value}}\", \"value\": \"{{values[0].numValue}}\" }} }"
            ],
            "metaInformation": "widgetOption"
        },
        {
            "name": "showFooter",
            "values": [
                "true"
            ],
            "metaInformation": "widgetOption"
        },
        {
            "name": "widget.footer.customTemplate",
            "values": [
                "linkTpl"
            ],
            "metaInformation": "widgetOption"
        },
        {
            "name": "widget.footer.label",
            "values": [
                "COMMON.VIEW_ALL"
            ],
            "metaInformation": "widgetOption"
        },
        {
            "name": "widget.footer.href.type",
            "values": [
                "LAYOUT_TEMPLATE"
            ],
            "metaInformation": "widgetOption"
        },
        {
            "name": "widget.footer.href.id",
            "values": [
                "PAST_DUE_ORDER_LINES_REVENUE_BY_SUPPLIER_VIEW_ALL_LAYOUT_TEMPLATE"
            ],
            "metaInformation": "widgetOption"
        },
        {
            "name": "state.empty.title",
            "values": [
                "COMMON.EMPTY_TITLE"
            ],
            "metaInformation": "widgetOption"
        },
        {
            "name": "state.empty.body",
            "values": [
                "COMMON.EMPTY_BODY"
            ],
            "metaInformation": "widgetOption"
        },
        {
            "name": "state.empty.link.label",
            "values": [
                "COMMON.EMPTY_LINK_LABEL"
            ],
            "metaInformation": "widgetOption"
        },
        {
            "name": "state.empty.link.href.type",
            "values": [
                "NEW_WINDOW"
            ],
            "metaInformation": "widgetOption"
        },
        {
            "name": "state.empty.link.href.path",
            "values": [
                "https://www.ibm.com/docs/en/sscis?topic=troubleshooting-no-data-display"
            ],
            "metaInformation": "widgetOption"
        }
    ],
    "userConfigurations": [
        {
            "name": "chartType",
            "values": [
                "carbon_chart"
            ]
        }
    ],
    "adminConfigurations": []
}
