{
	"offeringId": "SCO",
	"id": "PRODUCT_QUALITY_THRESHOLD_TABLE",
	"state": "ACTIVE",
	"identifier": "PRODUCT_QUALITY_THRESHOLD_TABLE",
	"type": "Dashboard_Widget",
	"tenantId": "98117773-c3b9-45bb-b9ea-0bc37065b037",
	"path": "/api",
	"vendor": "IBM",
	"defaultLanguage": "en",
	"version": 1,
	"descriptions": {
		"en": {
			"name": "Product quality threshold",
			"language": "en",
			"description": "Product quality threshold attributes"
		}
	},
	"devConfigurations": [{
			"name": "header.type",
			"values": [
				"text_header"
			],
			"metaInformation": "widgetOption"
		},
		{
			"name": "header.title",
			"values": [
				"Product Quality Thresholds - {{ productName }}"
			],
			"metaInformation": "widgetOption"
		},
		{
			"name": "header.tooltip",
			"values": [
				"Product quality thresholds (upper and lower) associated with this product"
			],
			"metaInformation": "widgetOption"
		},
		{
			"name": "icons[0].type",
			"values": [
				"kebab_menu"
			],
			"metaInformation": "widgetOption"
		},
		{
			"name": "icons[0].options[0]",
			"values": [
				"move"
			],
			"metaInformation": "widgetOption"
		},
		{
			"name": "data.service",
			"values": [
				"infohub"
			]
		},
		{
			"name": "queries[0].fields",
			"values": [
				"query productCustomAttributes ($tenantId: String, $id: String) { businessObjects(hint: {viewId: \"graph\"}, simpleFilter: {tenantId: $tenantId, type: Product, id: $id}, cursorParams: {first: 50}) { totalCount edges { object { ... on Product { name customAttributes { firmnessLowerLimitFloat firmnessUpperLimitFloat sweetnessLowerLimitFloat sweetnessUpperLimitFloat ripenessLowerLimitFloat ripenessUpperLimitFloat weightLowerLimitFloat weightUpperLimitFloat weightLimitUnitsString } } } } } }"
			],
			"metaInformation": "infohub.fields"
		},
		{
			"name": "queries[0].variables.tenantId",
			"values": [
				"{{ tenantId }}"
			],
			"metaInformation": "infohub.variable.dynamic"
		},
		{
			"name": "queries[0].variables.id",
			"values": [
				"{{ productId }}"
			],
			"metaInformation": "infohub.variable.dynamic"
		},
		{
			"name": "custom.appliedFilters",
			"values": [
				"refreshData"
			],
			"metaInformation": "stateSubscription"
		},
		{
			"name": "draggable",
			"values": [
				"true"
			],
			"metaInformation": "widgetOption"
		},
		{
			"name": "showFooter",
			"values": [
				"false"
			],
			"metaInformation": "widgetOption"
		},
		{
			"name": "pagination.enable",
			"values": [
				"false"
			],
			"metaInformation": "tableOption"
		},
		{
			"name": "stickyTableHeader",
			"values": [
				"false"
			],
			"metaInformation": "tableOption"
		},
		{
			"name": "stripes",
			"values": [
				"false"
			],
			"metaInformation": "tableOption"
		},
		{
			"name": "configurable",
			"values": [
				"false"
			],
			"metaInformation": "tableOption"
		},
		{
			"name": "columns[0].cell.label",
			"values": [
				"{{ firmnessLowerLimitFloat }}"
			],
			"metaInformation": "tableColumn"
		},
		{
			"name": "columns[0].header.label",
			"values": [
				"Firmness Lower Limit"
			],
			"metaInformation": "tableColumn"
		},
		{
			"name": "columns[0].sortable",
			"values": [
				"false"
			],
			"metaInformation": "tableColumn"
		},
		{
			"name": "columns[0].cell.customTemplate",
			"values": [
				"numberTpl"
			],
			"metaInformation": "tableColumn"
		},
		{
			"name": "columns[0].sequence",
			"values": [
				"0"
			],
			"metaInformation": "tableColumn"
		},
		{
			"name": "columns[1].cell.label",
			"values": [
				"{{ firmnessUpperLimitFloat }}"
			],
			"metaInformation": "tableColumn"
		},
		{
			"name": "columns[1].header.label",
			"values": [
				"Firmness Upper Limit"
			],
			"metaInformation": "tableColumn"
		},
		{
			"name": "columns[1].sortable",
			"values": [
				"false"
			],
			"metaInformation": "tableColumn"
		},
		{
			"name": "columns[1].cell.customTemplate",
			"values": [
				"numberTpl"
			],
			"metaInformation": "tableColumn"
		},
		{
			"name": "columns[1].sequence",
			"values": [
				"1"
			],
			"metaInformation": "tableColumn"
		},
		{
			"name": "columns[2].cell.label",
			"values": [
				"{{ ripenessLowerLimitFloat }}"
			],
			"metaInformation": "tableColumn"
		},
		{
			"name": "columns[2].header.label",
			"values": [
				"Ripeness Lower Limit"
			],
			"metaInformation": "tableColumn"
		},
		{
			"name": "columns[2].sortable",
			"values": [
				"false"
			],
			"metaInformation": "tableColumn"
		},
		{
			"name": "columns[2].cell.customTemplate",
			"values": [
				"numberTpl"
			],
			"metaInformation": "tableColumn"
		},
		{
			"name": "columns[2].sequence",
			"values": [
				"2"
			],
			"metaInformation": "tableColumn"
		},
		{
			"name": "columns[3].cell.label",
			"values": [
				"{{ ripenessUpperLimitFloat }}"
			],
			"metaInformation": "tableColumn"
		},
		{
			"name": "columns[3].header.label",
			"values": [
				"Ripeness Upper Limit"
			],
			"metaInformation": "tableColumn"
		},
		{
			"name": "columns[3].sortable",
			"values": [
				"false"
			],
			"metaInformation": "tableColumn"
		},
		{
			"name": "columns[3].cell.customTemplate",
			"values": [
				"numberTpl"
			],
			"metaInformation": "tableColumn"
		},
		{
			"name": "columns[3].sequence",
			"values": [
				"3"
			],
			"metaInformation": "tableColumn"
		},
		{
			"name": "columns[4].cell.label",
			"values": [
				"{{ sweetnessLowerLimitFloat }}"
			],
			"metaInformation": "tableColumn"
		},
		{
			"name": "columns[4].header.label",
			"values": [
				"Sweetness Lower Limit"
			],
			"metaInformation": "tableColumn"
		},
		{
			"name": "columns[4].sortable",
			"values": [
				"false"
			],
			"metaInformation": "tableColumn"
		},
		{
			"name": "columns[4].cell.customTemplate",
			"values": [
				"numberTpl"
			],
			"metaInformation": "tableColumn"
		},
		{
			"name": "columns[4].sequence",
			"values": [
				"4"
			],
			"metaInformation": "tableColumn"
		},
		{
			"name": "columns[5].cell.label",
			"values": [
				"{{ sweetnessUpperLimitFloat }}"
			],
			"metaInformation": "tableColumn"
		},
		{
			"name": "columns[5].header.label",
			"values": [
				"Sweetness Upper Limit"
			],
			"metaInformation": "tableColumn"
		},
		{
			"name": "columns[5].sortable",
			"values": [
				"false"
			],
			"metaInformation": "tableColumn"
		},
		{
			"name": "columns[5].cell.customTemplate",
			"values": [
				"numberTpl"
			],
			"metaInformation": "tableColumn"
		},
		{
			"name": "columns[5].sequence",
			"values": [
				"5"
			],
			"metaInformation": "tableColumn"
		},
		{
			"name": "columns[6].cell.label",
			"values": [
				"{{ weightLowerLimitFloat }}"
			],
			"metaInformation": "tableColumn"
		},
		{
			"name": "columns[6].header.label",
			"values": [
				"Weight Lower Limit"
			],
			"metaInformation": "tableColumn"
		},
		{
			"name": "columns[6].sortable",
			"values": [
				"false"
			],
			"metaInformation": "tableColumn"
		},
		{
			"name": "columns[6].cell.customTemplate",
			"values": [
				"numberTpl"
			],
			"metaInformation": "tableColumn"
		},
		{
			"name": "columns[6].sequence",
			"values": [
				"6"
			],
			"metaInformation": "tableColumn"
		},
		{
			"name": "columns[7].cell.label",
			"values": [
				"{{ weightUpperLimitFloat }}"
			],
			"metaInformation": "tableColumn"
		},
		{
			"name": "columns[7].header.label",
			"values": [
				"Weight Upper Limit"
			],
			"metaInformation": "tableColumn"
		},
		{
			"name": "columns[7].sortable",
			"values": [
				"false"
			],
			"metaInformation": "tableColumn"
		},
		{
			"name": "columns[7].cell.customTemplate",
			"values": [
				"numberTpl"
			],
			"metaInformation": "tableColumn"
		},
		{
			"name": "columns[7].sequence",
			"values": [
				"7"
			],
			"metaInformation": "tableColumn"
		},
		{
			"name": "widgetInitialized",
			"values": [
				"loadState",
				"refreshData"
			],
			"metaInformation": "eventSubscription"
		},
		{
			"name": "transformation",
			"values": [
				"{\"errors\":\"{{#? this.errors}}\",\"pageInfo\":\"{{this.data.businessObjects.pageInfo}}\",\"totalCount\":\"{{this.data.businessObjects.totalCount}}\",\"results\":{\"{{#each this.data.businessObjects.edges}}\":{\"id\":\"{{this.object.id}}\",\"productName\":\"{{this.object.name}}\",\"firmnessLowerLimitFloat\":\"{{this.object.customAttributes.firmnessLowerLimitFloat}}\",\"firmnessUpperLimitFloat\":\"{{this.object.customAttributes.firmnessUpperLimitFloat}}\",\"sweetnessLowerLimitFloat\":\"{{this.object.customAttributes.sweetnessLowerLimitFloat}}\",\"sweetnessUpperLimitFloat\":\"{{this.object.customAttributes.sweetnessUpperLimitFloat}}\",\"ripenessLowerLimitFloat\":\"{{this.object.customAttributes.ripenessLowerLimitFloat}}\",\"ripenessUpperLimitFloat\":\"{{this.object.customAttributes.ripenessUpperLimitFloat}}\",\"weightLowerLimitFloat\":\"{{this.object.customAttributes.weightLowerLimitFloat}}\",\"weightUpperLimitFloat\":\"{{this.object.customAttributes.weightUpperLimitFloat}}\"}}}"
			],
			"metaInformation": "widgetOption"
		},
		{
			"name": "state.empty.title",
			"values": [
				"No data"
			],
			"metaInformation": "widgetOption"
		},
		{
			"name": "state.empty.body",
			"values": [
				"There is no business data to display"
			],
			"metaInformation": "widgetOption"
		},
		{
			"name": "state.empty.link.label",
			"values": [
				"Learn more"
			],
			"metaInformation": "widgetOption"
		},
		{
			"name": "state.empty.link.href.type",
			"values": [
				"NEW_WINDOW"
			],
			"metaInformation": "widgetOption"
		},
		{
			"name": "state.empty.link.href.path",
			"values": [
				"https://www.ibm.com/docs/en/sscis?topic=troubleshooting-no-data-display"
			],
			"metaInformation": "widgetOption"
		}
	],
	"userConfigurations": [{
		"name": "chartType",
		"values": [
			"data_table"
		]
	}],
	"adminConfigurations": []
}
