 {"eventCode":"objectUpsertEvent","tenantId":"4f5e6153-5247-4a4d-9abe-63cbe92d896f","eventDetails":{"businessObject":{"type":"Location","globalIdentifiers":[{"name":"sterlingSupplyChain.globalId","value":"Chestnut Flats"}],"customAttributes":{"currentWindFloat":3.208,"infoLinkString":"https://www.thewindpower.net/windfarm_en_23239_assurua.php"}}}}
 {"eventCode":"objectUpsertEvent","tenantId":"4f5e6153-5247-4a4d-9abe-63cbe92d896f","eventDetails":{"businessObject":{"type":"Location","globalIdentifiers":[{"name":"sterlingSupplyChain.globalId","value":"Arbor Hill"}],"customAttributes":{"currentWindFloat":9.153,"infoLinkString":"https://www.thewindpower.net/windfarm_en_25684_cge-delta-3-iii.php"}}}}
 {"eventCode":"objectUpsertEvent","tenantId":"4f5e6153-5247-4a4d-9abe-63cbe92d896f","eventDetails":{"businessObject":{"type":"Location","globalIdentifiers":[{"name":"sterlingSupplyChain.globalId","value":"South Fork"}],"customAttributes":{"currentWindFloat":7.45,"infoLinkString":"https://www.thewindpower.net/windfarm_en_21575_cge-delta-1.php"}}}}
 {"eventCode":"objectUpsertEvent","tenantId":"4f5e6153-5247-4a4d-9abe-63cbe92d896f","eventDetails":{"businessObject":{"type":"Location","globalIdentifiers":[{"name":"sterlingSupplyChain.globalId","value":"Crescent Ridge I"}],"customAttributes":{"currentWindFloat":8.75,"infoLinkString":"https://www.thewindpower.net/windfarm_en_23641_verace.php"}}}}
 {"eventCode":"objectUpsertEvent","tenantId":"4f5e6153-5247-4a4d-9abe-63cbe92d896f","eventDetails":{"businessObject":{"type":"Location","globalIdentifiers":[{"name":"sterlingSupplyChain.globalId","value":"Stoney Corners"}],"customAttributes":{"currentWindFloat":6.55,"infoLinkString":"https://www.thewindpower.net/windfarm_en_30512_ventos-da-bahia-xxiii.php"}}}}
 {"eventCode":"objectUpsertEvent","tenantId":"4f5e6153-5247-4a4d-9abe-63cbe92d896f","eventDetails":{"businessObject":{"type":"Location","globalIdentifiers":[{"name":"sterlingSupplyChain.globalId","value":"Rosiere Wind Farm"}],"customAttributes":{"currentWindFloat":3.9,"infoLinkString":"https://www.thewindpower.net/windfarm_en_17042_gargau.php"}}}}
