﻿levelType,code,catalogType,name,description,sourceLink
CATEGORY,10MW,ASSET,1-10 MW scale turbine,Category code for 1-10 MW scale turbine,http://lighttree.com/
BRAND,GE,ASSET,General Electric,Brand code for General Electric,http://lighttree.com/
BRAND,Gamesa,ASSET,Siemens Gamesa Renewable Energy,Brand code for Siemens Gamesa Renewable Energy,http://lighttree.com/
BRAND,Vestas,ASSET,Vestas Wind Systems,Brand code for Vestas Wind Systems,http://lighttree.com/
FAMILY,2.5-116,ASSET,2.5 MW - 116m,Family code for 2.5 MW - 116m,http://lighttree.com/
FAMILY,G97/2000,ASSET,2.0 MW - 97m,Family code for 2.0 MW - 97m,http://lighttree.com/
FAMILY,2.3-116,ASSET,2.3 MW - 116m,Family code for 2.3 MW - 116m,http://lighttree.com/
FAMILY,5.3-158,ASSET,5.3 MW - 158m,Family code for 5.3 MW - 158m,http://lighttree.com/
FAMILY,V82/1650,ASSET,1.65 MW - 82m,Line code for 1.65 MW - 82m,http://lighttree.com/
LINE,Pitch,ASSET,Pitch power control,Line code for Pitch power control,http://lighttree.com/
SEGMENT,IEC S,ASSET,IEC S,Segment code for IEC S,http://lighttree.com/
SEGMENT,IEC IIIa,ASSET,IEC IIIa,Segment code for IEC IIIa,http://lighttree.com/
SEGMENT,IEC II/III,ASSET,IEC II/III,Segment code for IEC II/III,http://lighttree.com/
