﻿locationIdentifier,locationType,locationName,address1,address2,city,postalCode,stateProvince,country,coordinates,includeInCorrelation,geo,locationSubType,sourceLink
Chestnut Flats,PLANT,Chestnut Flats - Blair County,,,Altoona,,PA,US,"40.516251, -78.46917",TRUE,,,needed
Arbor Hill,PLANT,Arbor Hill - Adair County,,,Stuart,,IA,US,"41.422241, -94.310394",TRUE,,,needed
South Fork,PLANT,South Fork - Jackson County,,,Jackson,,MN,US,"43.599777, -95.399506",TRUE,,,needed
Crescent Ridge I,PLANT,Crescent Ridge I - Bureau County,,,Worthington,,IL,US,"41.240593, -89.575096",TRUE,,,needed
Stoney Corners,PLANT,Stoney Corners - Missaukee County,,,Cadillac,,MI,US,"44.201092, -85.303596",TRUE,,,needed
Rosiere Wind Farm,PLANT,Rosiere Wind Farm - Kewaunee County,,,Casco,,WI,US,"44.673321, -87.635086",TRUE,,,needed
