﻿partNumber,productType,category.code,brand.code,family.code,line.code,segment.code,status,value,valueCurrency,defaultQuantityUnits,name,description,plannerCode,sourceLink
GE-2.5-116,TURBINE,10MW,GE,2.5-116,Pitch,IEC S,ACTIVE,2.50, MW , MW ,GE-2.5-116,GE 2.5-116 IEC S,,https://www.thewindpower.net/turbine_en_1510_ge-energy_2.5-116.php
Gamesa-G97/2000,TURBINE,10MW,Gamesa,G97/2000,Pitch,IEC IIIa,ACTIVE,2, MW , MW ,Gamesa-G97/2000,Gamesa G97/2000 IEC IIIa,,https://www.thewindpower.net/turbine_en_692_gamesa_g97-2000.php
GE-2.3-116,TURBINE,10MW,GE,2.3-116,Pitch,IEC S,ACTIVE,2.50, MW , MW ,GE-2.3-116,GE 2.3-116 IEC S,,https://www.thewindpower.net/turbine_en_1335_ge-energy_2.3-116.php
GE-5.3-158,TURBINE,10MW,GE,5.3-158,Pitch,IEC S,ACTIVE,5.3, MW , MW ,GE-5.3-158,GE 5.3-158 IEC S,,https://www.thewindpower.net/turbine_en_1645_ge-energy_5.3-158.php
Vestas-V82/1650,TURBINE,10MW,Vestas,V82/1650,Pitch,IEC II/III,ACTIVE,1.65, MW , MW ,Vestas-V82/1650,Vestas V82/1650 IEC II/III,,https://www.thewindpower.net/turbine_en_28_vestas_v82-1650.php
