demandPlanId,startDate,quantity
b381148a-0758-46a2-bd4d-113cd0aa4ddb,2021-08-01T00:00:00.000Z,50.0
1a8005e0-9359-4804-98f4-2db55cb30c0d,2021-08-02T00:00:00.000Z,50.0
e8133edd-bd04-41c3-98e3-38941db4c1f0,2021-08-02T00:00:00.000Z,75.0
9107acc8-488a-41f5-9f3c-3f1f515b3efe,2021-08-03T00:00:00.000Z,75.0
3afce2a2-eb74-4d14-9547-db75e5d1b322,2021-08-07T00:00:00.000Z,50.0
153505d1-fc60-4dae-bd3c-d18fbb3b920e,2021-08-07T00:00:00.000Z,50.0
524f64ed-07e4-4660-ab35-b10374cc163e,2021-08-08T00:00:00.000Z,35.0
2ca9ec14-83b6-45d5-9695-1fd98773ba6e,2021-08-09T00:00:00.000Z,35.0
09f957ed-6f8c-444d-a141-504cd654d59e,2021-08-10T00:00:00.000Z,35.0
c978adc3-4b49-44b5-8b1c-227cb387fb1e,2021-08-11T00:00:00.000Z,35.0
fee574c3-14ee-49de-91ea-3fbaabfc42f1,2021-08-11T00:00:00.000Z,35.0
149f132f-89ef-4f65-a1af-f56df5d74163,2021-08-12T00:00:00.000Z,35.0
c95bd240-4cf9-444f-ad36-196c9b30accd,2021-08-12T00:00:00.000Z,50.0
d1b7dff0-ae04-4abf-9c42-e47428cc0886,2021-08-13T00:00:00.000Z,50.0
ed040cac-fd8d-4c3d-8856-bba432b9a3dc,2021-08-14T00:00:00.000Z,35.0
f96b3f5e-0c1c-439c-a412-95174ce23b6d,2021-08-15T00:00:00.000Z,35.0
920680f6-0b2e-423e-b94b-5c32053f486e,2021-08-16T00:00:00.000Z,35.0
6b4ebde8-2e33-47d1-b609-f971e44ed387,2021-08-17T00:00:00.000Z,75.0
72b047b4-2996-4c6d-a91b-7e7cc445ce5b,2021-08-18T00:00:00.000Z,75.0
22904129-947b-4713-8748-2387dbbf4beb,2021-08-19T00:00:00.000Z,35.0
3aed9776-efea-4425-9b81-836236c3b917,2021-08-20T00:00:00.000Z,35.0
9dcf2b19-b253-46d2-b707-41ecc5a1ed69,2021-08-21T00:00:00.000Z,35.0
ac3c9b6d-ef67-4ae0-a43d-ee724524f80e,2021-08-22T00:00:00.000Z,50.0
df1d39df-5df3-49d4-822d-94157d1273dc,2021-08-23T00:00:00.000Z,50.0
0c0b7a32-aeb8-4ac7-84dc-701cd569e361,2021-08-24T00:00:00.000Z,35.0
66854f46-2c3f-4b4c-8192-72518cf54bcf,2021-08-25T00:00:00.000Z,35.0
37d75fbb-8784-4e98-a4c8-cd9f73e4d97d,2021-08-26T00:00:00.000Z,35.0
b900e29d-ed57-45b4-82e3-795faee1f468,2021-08-27T00:00:00.000Z,35.0
0e7ca068-fa15-4496-af35-e18f13df506d,2021-08-28T00:00:00.000Z,35.0
0e29c1e9-5c90-4e10-9b7a-089f2d0b9268,2021-08-29T00:00:00.000Z,35.0
bd1af4f1-ec0f-4688-8fdd-e5d57c8c9f77,2021-08-30T00:00:00.000Z,35.0
