{"eventCode":"objectUpsertEvent","tenantId":"a00d66da-09db-4d14-a26f-a1bab83f147d","eventDetails":{"businessObject":{"type":"Asset","globalIdentifiers":[{"name":"sterlingSupplyChain.globalId","value":"Chestnut Flats.PLANT"}],"assetIdentifier":"Chestnut Flats","assetType":"PLANT","location":{"globalIdentifiers":[{"name":"sterlingSupplyChain.globalId","value":"Chestnut Flats"}]},"status":"ACTIVE","name":"Chestnut Flats","currentLocationCoordinates":"40.516251, -78.46917","metric1":3.208,"metric1Units":"m/s","metric2":1.49,"metric2Units":"MW","metric1UpperLimit":10,"metric1LowerLimit":2}}}
{"eventCode":"objectUpsertEvent","tenantId":"a00d66da-09db-4d14-a26f-a1bab83f147d","eventDetails":{"businessObject":{"type":"Asset","globalIdentifiers":[{"name":"sterlingSupplyChain.globalId","value":"Arbor Hill.PLANT"}],"assetIdentifier":"Arbor Hill","assetType":"PLANT","location":{"globalIdentifiers":[{"name":"sterlingSupplyChain.globalId","value":"Arbor Hill"}]},"status":"ACTIVE","name":"Arbor Hill","currentLocationCoordinates":"41.422241, -94.310394","metric1":9.153,"metric1Units":"m/s","metric2":30.63,"metric2Units":"MW","metric1UpperLimit":10,"metric1LowerLimit":2}}}
{"eventCode":"objectUpsertEvent","tenantId":"a00d66da-09db-4d14-a26f-a1bab83f147d","eventDetails":{"businessObject":{"type":"Asset","globalIdentifiers":[{"name":"sterlingSupplyChain.globalId","value":"South Fork.PLANT"}],"assetIdentifier":"South Fork","assetType":"PLANT","location":{"globalIdentifiers":[{"name":"sterlingSupplyChain.globalId","value":"South Fork"}]},"status":"ACTIVE","name":"South Fork","currentLocationCoordinates":"43.599777, -95.399506","metric1":7.45,"metric1Units":"m/s","metric2":5.97,"metric2Units":"MW","metric1UpperLimit":10,"metric1LowerLimit":2}}}
{"eventCode":"objectUpsertEvent","tenantId":"a00d66da-09db-4d14-a26f-a1bab83f147d","eventDetails":{"businessObject":{"type":"Asset","globalIdentifiers":[{"name":"sterlingSupplyChain.globalId","value":"Crescent Ridge I.PLANT"}],"assetIdentifier":"Crescent Ridge I","assetType":"PLANT","location":{"globalIdentifiers":[{"name":"sterlingSupplyChain.globalId","value":"Crescent Ridge I"}]},"status":"ACTIVE","name":"Crescent Ridge I","currentLocationCoordinates":"41.240593, -89.575096","metric1":8.75,"metric1Units":"m/s","metric2":85.62,"metric2Units":"MW","metric1UpperLimit":10,"metric1LowerLimit":2}}}
{"eventCode":"objectUpsertEvent","tenantId":"a00d66da-09db-4d14-a26f-a1bab83f147d","eventDetails":{"businessObject":{"type":"Asset","globalIdentifiers":[{"name":"sterlingSupplyChain.globalId","value":"Stoney Corners.PLANT"}],"assetIdentifier":"Stoney Corners","assetType":"PLANT","location":{"globalIdentifiers":[{"name":"sterlingSupplyChain.globalId","value":"Stoney Corners"}]},"status":"ACTIVE","name":"Stoney Corners","currentLocationCoordinates":"44.201092, -85.303596","metric1":6.55,"metric1Units":"m/s","metric2":14.59,"metric2Units":"MW","metric1UpperLimit":10,"metric1LowerLimit":2}}}
{"eventCode":"objectUpsertEvent","tenantId":"a00d66da-09db-4d14-a26f-a1bab83f147d","eventDetails":{"businessObject":{"type":"Asset","globalIdentifiers":[{"name":"sterlingSupplyChain.globalId","value":"Rosiere Wind Farm.PLANT"}],"assetIdentifier":"Rosiere Wind Farm","assetType":"PLANT","location":{"globalIdentifiers":[{"name":"sterlingSupplyChain.globalId","value":"Rosiere Wind Farm"}]},"status":"ACTIVE","name":"Rosiere Wind Farm","currentLocationCoordinates":"44.673321, -87.635086","metric1":3.9,"metric1Units":"m/s","metric2":36.14,"metric2Units":"MW","metric1UpperLimit":10,"metric1LowerLimit":2}}}
{"eventCode":"objectUpsertEvent","tenantId":"a00d66da-09db-4d14-a26f-a1bab83f147d","eventDetails":{"businessObject":{"type":"Asset","globalIdentifiers":[{"name":"sterlingSupplyChain.globalId","value":"CF-GE-01.TURBINE"}],"assetIdentifier":"CF-GE-01","assetType":"TURBINE","assetClass":{"globalIdentifiers":[{"name":"sterlingSupplyChain.globalId","value":"GE-2.5-116"}]},"location":{"globalIdentifiers":[{"name":"sterlingSupplyChain.globalId","value":"Chestnut Flats"}]},"status":"ACTIVE","name":"CF-GE-2.5-116-01","currentLocationCoordinates":"40.516251,-78.46917","metric2":0.07,"metric2Units":"MW","metric1UpperLimit":10,"metric1LowerLimit":2}}}
{"eventCode":"objectUpsertEvent","tenantId":"a00d66da-09db-4d14-a26f-a1bab83f147d","eventDetails":{"businessObject":{"type":"Asset","globalIdentifiers":[{"name":"sterlingSupplyChain.globalId","value":"CF-GE-02.TURBINE"}],"assetIdentifier":"CF-GE-02","assetType":"TURBINE","assetClass":{"globalIdentifiers":[{"name":"sterlingSupplyChain.globalId","value":"GE-2.5-116"}]},"location":{"globalIdentifiers":[{"name":"sterlingSupplyChain.globalId","value":"Chestnut Flats"}]},"status":"ACTIVE","name":"CF-GE-2.5-116-02","currentLocationCoordinates":"40.52803,-78.480164","metric2":0.07,"metric2Units":"MW","metric1UpperLimit":10,"metric1LowerLimit":2}}}
{"eventCode":"objectUpsertEvent","tenantId":"a00d66da-09db-4d14-a26f-a1bab83f147d","eventDetails":{"businessObject":{"type":"Asset","globalIdentifiers":[{"name":"sterlingSupplyChain.globalId","value":"CF-GE-03.TURBINE"}],"assetIdentifier":"CF-GE-03","assetType":"TURBINE","assetClass":{"globalIdentifiers":[{"name":"sterlingSupplyChain.globalId","value":"GE-2.5-116"}]},"location":{"globalIdentifiers":[{"name":"sterlingSupplyChain.globalId","value":"Chestnut Flats"}]},"status":"ACTIVE","name":"CF-GE-2.5-116-03","currentLocationCoordinates":"40.51799,-78.468597","metric2":0.06,"metric2Units":"MW","metric1UpperLimit":10,"metric1LowerLimit":2}}}
{"eventCode":"objectUpsertEvent","tenantId":"a00d66da-09db-4d14-a26f-a1bab83f147d","eventDetails":{"businessObject":{"type":"Asset","globalIdentifiers":[{"name":"sterlingSupplyChain.globalId","value":"CF-GE-04.TURBINE"}],"assetIdentifier":"CF-GE-04","assetType":"TURBINE","assetClass":{"globalIdentifiers":[{"name":"sterlingSupplyChain.globalId","value":"GE-2.5-116"}]},"location":{"globalIdentifiers":[{"name":"sterlingSupplyChain.globalId","value":"Chestnut Flats"}]},"status":"ACTIVE","name":"CF-GE-2.5-116-04","currentLocationCoordinates":"40.515293,-78.480995","metric2":0.08,"metric2Units":"MW","metric1UpperLimit":10,"metric1LowerLimit":2}}}
{"eventCode":"objectUpsertEvent","tenantId":"a00d66da-09db-4d14-a26f-a1bab83f147d","eventDetails":{"businessObject":{"type":"Asset","globalIdentifiers":[{"name":"sterlingSupplyChain.globalId","value":"CF-GE-05.TURBINE"}],"assetIdentifier":"CF-GE-05","assetType":"TURBINE","assetClass":{"globalIdentifiers":[{"name":"sterlingSupplyChain.globalId","value":"GE-2.5-116"}]},"location":{"globalIdentifiers":[{"name":"sterlingSupplyChain.globalId","value":"Chestnut Flats"}]},"status":"ACTIVE","name":"CF-GE-2.5-116-05","currentLocationCoordinates":"40.519993,-78.478798","metric2":0.07,"metric2Units":"MW","metric1UpperLimit":10,"metric1LowerLimit":2}}}
{"eventCode":"objectUpsertEvent","tenantId":"a00d66da-09db-4d14-a26f-a1bab83f147d","eventDetails":{"businessObject":{"type":"Asset","globalIdentifiers":[{"name":"sterlingSupplyChain.globalId","value":"CF-GE-06.TURBINE"}],"assetIdentifier":"CF-GE-06","assetType":"TURBINE","assetClass":{"globalIdentifiers":[{"name":"sterlingSupplyChain.globalId","value":"GE-2.5-116"}]},"location":{"globalIdentifiers":[{"name":"sterlingSupplyChain.globalId","value":"Chestnut Flats"}]},"status":"ACTIVE","name":"CF-GE-2.5-116-06","currentLocationCoordinates":"40.512791,-78.480598","metric2":0.08,"metric2Units":"MW","metric1UpperLimit":10,"metric1LowerLimit":2}}}
{"eventCode":"objectUpsertEvent","tenantId":"a00d66da-09db-4d14-a26f-a1bab83f147d","eventDetails":{"businessObject":{"type":"Asset","globalIdentifiers":[{"name":"sterlingSupplyChain.globalId","value":"CF-GE-07.TURBINE"}],"assetIdentifier":"CF-GE-07","assetType":"TURBINE","assetClass":{"globalIdentifiers":[{"name":"sterlingSupplyChain.globalId","value":"GE-2.5-116"}]},"location":{"globalIdentifiers":[{"name":"sterlingSupplyChain.globalId","value":"Chestnut Flats"}]},"status":"ACTIVE","name":"CF-GE-2.5-116-07","currentLocationCoordinates":"40.520279,-78.485352","metric2":0.08,"metric2Units":"MW","metric1UpperLimit":10,"metric1LowerLimit":2}}}
{"eventCode":"objectUpsertEvent","tenantId":"a00d66da-09db-4d14-a26f-a1bab83f147d","eventDetails":{"businessObject":{"type":"Asset","globalIdentifiers":[{"name":"sterlingSupplyChain.globalId","value":"CF-GE-08.TURBINE"}],"assetIdentifier":"CF-GE-08","assetType":"TURBINE","assetClass":{"globalIdentifiers":[{"name":"sterlingSupplyChain.globalId","value":"GE-2.5-116"}]},"location":{"globalIdentifiers":[{"name":"sterlingSupplyChain.globalId","value":"Chestnut Flats"}]},"status":"ACTIVE","name":"CF-GE-2.5-116-08","currentLocationCoordinates":"40.510094,-78.477798","metric2":0.08,"metric2Units":"MW","metric1UpperLimit":10,"metric1LowerLimit":2}}}
{"eventCode":"objectUpsertEvent","tenantId":"a00d66da-09db-4d14-a26f-a1bab83f147d","eventDetails":{"businessObject":{"type":"Asset","globalIdentifiers":[{"name":"sterlingSupplyChain.globalId","value":"CF-GE-09.TURBINE"}],"assetIdentifier":"CF-GE-09","assetType":"TURBINE","assetClass":{"globalIdentifiers":[{"name":"sterlingSupplyChain.globalId","value":"GE-2.5-116"}]},"location":{"globalIdentifiers":[{"name":"sterlingSupplyChain.globalId","value":"Chestnut Flats"}]},"status":"ACTIVE","name":"CF-GE-2.5-116-09","currentLocationCoordinates":"40.522591,-78.485001","metric2":0.09,"metric2Units":"MW","metric1UpperLimit":10,"metric1LowerLimit":2}}}
{"eventCode":"objectUpsertEvent","tenantId":"a00d66da-09db-4d14-a26f-a1bab83f147d","eventDetails":{"businessObject":{"type":"Asset","globalIdentifiers":[{"name":"sterlingSupplyChain.globalId","value":"CF-GE-10.TURBINE"}],"assetIdentifier":"CF-GE-10","assetType":"TURBINE","assetClass":{"globalIdentifiers":[{"name":"sterlingSupplyChain.globalId","value":"GE-2.5-116"}]},"location":{"globalIdentifiers":[{"name":"sterlingSupplyChain.globalId","value":"Chestnut Flats"}]},"status":"ACTIVE","name":"CF-GE-2.5-116-10","currentLocationCoordinates":"40.524635,-78.47538","metric2":0.09,"metric2Units":"MW","metric1UpperLimit":10,"metric1LowerLimit":2}}}
{"eventCode":"objectUpsertEvent","tenantId":"a00d66da-09db-4d14-a26f-a1bab83f147d","eventDetails":{"businessObject":{"type":"Asset","globalIdentifiers":[{"name":"sterlingSupplyChain.globalId","value":"CF-GE-11.TURBINE"}],"assetIdentifier":"CF-GE-11","assetType":"TURBINE","assetClass":{"globalIdentifiers":[{"name":"sterlingSupplyChain.globalId","value":"GE-2.5-116"}]},"location":{"globalIdentifiers":[{"name":"sterlingSupplyChain.globalId","value":"Chestnut Flats"}]},"status":"ACTIVE","name":"CF-GE-2.5-116-11","currentLocationCoordinates":"40.514591,-78.489098","metric2":0.07,"metric2Units":"MW","metric1UpperLimit":10,"metric1LowerLimit":2}}}
{"eventCode":"objectUpsertEvent","tenantId":"a00d66da-09db-4d14-a26f-a1bab83f147d","eventDetails":{"businessObject":{"type":"Asset","globalIdentifiers":[{"name":"sterlingSupplyChain.globalId","value":"CF-GE-12.TURBINE"}],"assetIdentifier":"CF-GE-12","assetType":"TURBINE","assetClass":{"globalIdentifiers":[{"name":"sterlingSupplyChain.globalId","value":"GE-2.5-116"}]},"location":{"globalIdentifiers":[{"name":"sterlingSupplyChain.globalId","value":"Chestnut Flats"}]},"status":"ACTIVE","name":"CF-GE-2.5-116-12","currentLocationCoordinates":"40.518291,-78.486595","metric2":0.09,"metric2Units":"MW","metric1UpperLimit":10,"metric1LowerLimit":2}}}
{"eventCode":"objectUpsertEvent","tenantId":"a00d66da-09db-4d14-a26f-a1bab83f147d","eventDetails":{"businessObject":{"type":"Asset","globalIdentifiers":[{"name":"sterlingSupplyChain.globalId","value":"CF-GE-13.TURBINE"}],"assetIdentifier":"CF-GE-13","assetType":"TURBINE","assetClass":{"globalIdentifiers":[{"name":"sterlingSupplyChain.globalId","value":"GE-2.5-116"}]},"location":{"globalIdentifiers":[{"name":"sterlingSupplyChain.globalId","value":"Chestnut Flats"}]},"status":"ACTIVE","name":"CF-GE-2.5-116-13","currentLocationCoordinates":"40.520992,-78.469696","metric2":0.07,"metric2Units":"MW","metric1UpperLimit":10,"metric1LowerLimit":2}}}
{"eventCode":"objectUpsertEvent","tenantId":"a00d66da-09db-4d14-a26f-a1bab83f147d","eventDetails":{"businessObject":{"type":"Asset","globalIdentifiers":[{"name":"sterlingSupplyChain.globalId","value":"CF-GA-01.TURBINE"}],"assetIdentifier":"CF-GA-01","assetType":"TURBINE","assetClass":{"globalIdentifiers":[{"name":"sterlingSupplyChain.globalId","value":"Gamesa-G97/2000"}]},"location":{"globalIdentifiers":[{"name":"sterlingSupplyChain.globalId","value":"Chestnut Flats"}]},"status":"ACTIVE","name":"CF-Gamesa-G97/2000-01","currentLocationCoordinates":"40.535793,-78.481895","metric2":0.09,"metric2Units":"MW","metric1UpperLimit":10,"metric1LowerLimit":2}}}
{"eventCode":"objectUpsertEvent","tenantId":"a00d66da-09db-4d14-a26f-a1bab83f147d","eventDetails":{"businessObject":{"type":"Asset","globalIdentifiers":[{"name":"sterlingSupplyChain.globalId","value":"CF-GA-02.TURBINE"}],"assetIdentifier":"CF-GA-02","assetType":"TURBINE","assetClass":{"globalIdentifiers":[{"name":"sterlingSupplyChain.globalId","value":"Gamesa-G97/2000"}]},"location":{"globalIdentifiers":[{"name":"sterlingSupplyChain.globalId","value":"Chestnut Flats"}]},"status":"ACTIVE","name":"CF-Gamesa-G97/2000-02","currentLocationCoordinates":"40.522591,-78.4767","metric2":0.06,"metric2Units":"MW","metric1UpperLimit":10,"metric1LowerLimit":2}}}
{"eventCode":"objectUpsertEvent","tenantId":"a00d66da-09db-4d14-a26f-a1bab83f147d","eventDetails":{"businessObject":{"type":"Asset","globalIdentifiers":[{"name":"sterlingSupplyChain.globalId","value":"CF-GA-03.TURBINE"}],"assetIdentifier":"CF-GA-03","assetType":"TURBINE","assetClass":{"globalIdentifiers":[{"name":"sterlingSupplyChain.globalId","value":"Gamesa-G97/2000"}]},"location":{"globalIdentifiers":[{"name":"sterlingSupplyChain.globalId","value":"Chestnut Flats"}]},"status":"ACTIVE","name":"CF-Gamesa-G97/2000-03","currentLocationCoordinates":"40.516392,-78.488098","metric2":0.07,"metric2Units":"MW","metric1UpperLimit":10,"metric1LowerLimit":2}}}
{"eventCode":"objectUpsertEvent","tenantId":"a00d66da-09db-4d14-a26f-a1bab83f147d","eventDetails":{"businessObject":{"type":"Asset","globalIdentifiers":[{"name":"sterlingSupplyChain.globalId","value":"CF-GA-04.TURBINE"}],"assetIdentifier":"CF-GA-04","assetType":"TURBINE","assetClass":{"globalIdentifiers":[{"name":"sterlingSupplyChain.globalId","value":"Gamesa-G97/2000"}]},"location":{"globalIdentifiers":[{"name":"sterlingSupplyChain.globalId","value":"Chestnut Flats"}]},"status":"ACTIVE","name":"CF-Gamesa-G97/2000-04","currentLocationCoordinates":"40.531994,-78.480598","metric2":0.1,"metric2Units":"MW","metric1UpperLimit":10,"metric1LowerLimit":2}}}
{"eventCode":"objectUpsertEvent","tenantId":"a00d66da-09db-4d14-a26f-a1bab83f147d","eventDetails":{"businessObject":{"type":"Asset","globalIdentifiers":[{"name":"sterlingSupplyChain.globalId","value":"CF-GA-05.TURBINE"}],"assetIdentifier":"CF-GA-05","assetType":"TURBINE","assetClass":{"globalIdentifiers":[{"name":"sterlingSupplyChain.globalId","value":"Gamesa-G97/2000"}]},"location":{"globalIdentifiers":[{"name":"sterlingSupplyChain.globalId","value":"Chestnut Flats"}]},"status":"ACTIVE","name":"CF-Gamesa-G97/2000-05","currentLocationCoordinates":"40.517693,-78.478897","metric2":0.09,"metric2Units":"MW","metric1UpperLimit":10,"metric1LowerLimit":2}}}
{"eventCode":"objectUpsertEvent","tenantId":"a00d66da-09db-4d14-a26f-a1bab83f147d","eventDetails":{"businessObject":{"type":"Asset","globalIdentifiers":[{"name":"sterlingSupplyChain.globalId","value":"CF-GA-06.TURBINE"}],"assetIdentifier":"CF-GA-06","assetType":"TURBINE","assetClass":{"globalIdentifiers":[{"name":"sterlingSupplyChain.globalId","value":"Gamesa-G97/2000"}]},"location":{"globalIdentifiers":[{"name":"sterlingSupplyChain.globalId","value":"Chestnut Flats"}]},"status":"ACTIVE","name":"CF-Gamesa-G97/2000-06","currentLocationCoordinates":"40.5252,-78.483772","metric2":0.08,"metric2Units":"MW","metric1UpperLimit":10,"metric1LowerLimit":2}}}
{"eventCode":"objectUpsertEvent","tenantId":"a00d66da-09db-4d14-a26f-a1bab83f147d","eventDetails":{"businessObject":{"type":"Asset","globalIdentifiers":[{"name":"sterlingSupplyChain.globalId","value":"AH-GE-01.TURBINE"}],"assetIdentifier":"AH-GE-01","assetType":"TURBINE","assetClass":{"globalIdentifiers":[{"name":"sterlingSupplyChain.globalId","value":"GE-2.3-116"}]},"location":{"globalIdentifiers":[{"name":"sterlingSupplyChain.globalId","value":"Arbor Hill"}]},"status":"ACTIVE","name":"AH-GE-2.3-116-01","currentLocationCoordinates":"41.473969,-94.308823","metric2":1.84,"metric2Units":"MW","metric1UpperLimit":10,"metric1LowerLimit":2}}}
{"eventCode":"objectUpsertEvent","tenantId":"a00d66da-09db-4d14-a26f-a1bab83f147d","eventDetails":{"businessObject":{"type":"Asset","globalIdentifiers":[{"name":"sterlingSupplyChain.globalId","value":"AH-GE-02.TURBINE"}],"assetIdentifier":"AH-GE-02","assetType":"TURBINE","assetClass":{"globalIdentifiers":[{"name":"sterlingSupplyChain.globalId","value":"GE-2.3-116"}]},"location":{"globalIdentifiers":[{"name":"sterlingSupplyChain.globalId","value":"Arbor Hill"}]},"status":"ACTIVE","name":"AH-GE-2.3-116-02","currentLocationCoordinates":"41.501614,-94.410431","metric2":1.83,"metric2Units":"MW","metric1UpperLimit":10,"metric1LowerLimit":2}}}
{"eventCode":"objectUpsertEvent","tenantId":"a00d66da-09db-4d14-a26f-a1bab83f147d","eventDetails":{"businessObject":{"type":"Asset","globalIdentifiers":[{"name":"sterlingSupplyChain.globalId","value":"AH-GE-03.TURBINE"}],"assetIdentifier":"AH-GE-03","assetType":"TURBINE","assetClass":{"globalIdentifiers":[{"name":"sterlingSupplyChain.globalId","value":"GE-2.3-116"}]},"location":{"globalIdentifiers":[{"name":"sterlingSupplyChain.globalId","value":"Arbor Hill"}]},"status":"ACTIVE","name":"AH-GE-2.3-116-03","currentLocationCoordinates":"41.455402,-94.364052","metric2":1.84,"metric2Units":"MW","metric1UpperLimit":10,"metric1LowerLimit":2}}}
{"eventCode":"objectUpsertEvent","tenantId":"a00d66da-09db-4d14-a26f-a1bab83f147d","eventDetails":{"businessObject":{"type":"Asset","globalIdentifiers":[{"name":"sterlingSupplyChain.globalId","value":"AH-GE-04.TURBINE"}],"assetIdentifier":"AH-GE-04","assetType":"TURBINE","assetClass":{"globalIdentifiers":[{"name":"sterlingSupplyChain.globalId","value":"GE-2.3-116"}]},"location":{"globalIdentifiers":[{"name":"sterlingSupplyChain.globalId","value":"Arbor Hill"}]},"status":"ACTIVE","name":"AH-GE-2.3-116-04","currentLocationCoordinates":"41.493279,-94.422745","metric2":1.94,"metric2Units":"MW","metric1UpperLimit":10,"metric1LowerLimit":2}}}
{"eventCode":"objectUpsertEvent","tenantId":"a00d66da-09db-4d14-a26f-a1bab83f147d","eventDetails":{"businessObject":{"type":"Asset","globalIdentifiers":[{"name":"sterlingSupplyChain.globalId","value":"AH-GE-05.TURBINE"}],"assetIdentifier":"AH-GE-05","assetType":"TURBINE","assetClass":{"globalIdentifiers":[{"name":"sterlingSupplyChain.globalId","value":"GE-2.3-116"}]},"location":{"globalIdentifiers":[{"name":"sterlingSupplyChain.globalId","value":"Arbor Hill"}]},"status":"ACTIVE","name":"AH-GE-2.3-116-05","currentLocationCoordinates":"41.499352,-94.448822","metric2":1.93,"metric2Units":"MW","metric1UpperLimit":10,"metric1LowerLimit":2}}}
{"eventCode":"objectUpsertEvent","tenantId":"a00d66da-09db-4d14-a26f-a1bab83f147d","eventDetails":{"businessObject":{"type":"Asset","globalIdentifiers":[{"name":"sterlingSupplyChain.globalId","value":"AH-GE-06.TURBINE"}],"assetIdentifier":"AH-GE-06","assetType":"TURBINE","assetClass":{"globalIdentifiers":[{"name":"sterlingSupplyChain.globalId","value":"GE-2.3-116"}]},"location":{"globalIdentifiers":[{"name":"sterlingSupplyChain.globalId","value":"Arbor Hill"}]},"status":"ACTIVE","name":"AH-GE-2.3-116-06","currentLocationCoordinates":"41.485687,-94.450508","metric2":1.71,"metric2Units":"MW","metric1UpperLimit":10,"metric1LowerLimit":2}}}
{"eventCode":"objectUpsertEvent","tenantId":"a00d66da-09db-4d14-a26f-a1bab83f147d","eventDetails":{"businessObject":{"type":"Asset","globalIdentifiers":[{"name":"sterlingSupplyChain.globalId","value":"AH-GE-07.TURBINE"}],"assetIdentifier":"AH-GE-07","assetType":"TURBINE","assetClass":{"globalIdentifiers":[{"name":"sterlingSupplyChain.globalId","value":"GE-2.3-116"}]},"location":{"globalIdentifiers":[{"name":"sterlingSupplyChain.globalId","value":"Arbor Hill"}]},"status":"ACTIVE","name":"AH-GE-2.3-116-07","currentLocationCoordinates":"41.498638,-94.441376","metric2":1.75,"metric2Units":"MW","metric1UpperLimit":10,"metric1LowerLimit":2}}}
{"eventCode":"objectUpsertEvent","tenantId":"a00d66da-09db-4d14-a26f-a1bab83f147d","eventDetails":{"businessObject":{"type":"Asset","globalIdentifiers":[{"name":"sterlingSupplyChain.globalId","value":"AH-GE-08.TURBINE"}],"assetIdentifier":"AH-GE-08","assetType":"TURBINE","assetClass":{"globalIdentifiers":[{"name":"sterlingSupplyChain.globalId","value":"GE-2.3-116"}]},"location":{"globalIdentifiers":[{"name":"sterlingSupplyChain.globalId","value":"Arbor Hill"}]},"status":"ACTIVE","name":"AH-GE-2.3-116-08","currentLocationCoordinates":"41.439922,-94.345177","metric2":1.9,"metric2Units":"MW","metric1UpperLimit":10,"metric1LowerLimit":2}}}
{"eventCode":"objectUpsertEvent","tenantId":"a00d66da-09db-4d14-a26f-a1bab83f147d","eventDetails":{"businessObject":{"type":"Asset","globalIdentifiers":[{"name":"sterlingSupplyChain.globalId","value":"AH-GE-09.TURBINE"}],"assetIdentifier":"AH-GE-09","assetType":"TURBINE","assetClass":{"globalIdentifiers":[{"name":"sterlingSupplyChain.globalId","value":"GE-2.3-116"}]},"location":{"globalIdentifiers":[{"name":"sterlingSupplyChain.globalId","value":"Arbor Hill"}]},"status":"ACTIVE","name":"AH-GE-2.3-116-09","currentLocationCoordinates":"41.493271,-94.405762","metric2":1.82,"metric2Units":"MW","metric1UpperLimit":10,"metric1LowerLimit":2}}}
{"eventCode":"objectUpsertEvent","tenantId":"a00d66da-09db-4d14-a26f-a1bab83f147d","eventDetails":{"businessObject":{"type":"Asset","globalIdentifiers":[{"name":"sterlingSupplyChain.globalId","value":"AH-GE-10.TURBINE"}],"assetIdentifier":"AH-GE-10","assetType":"TURBINE","assetClass":{"globalIdentifiers":[{"name":"sterlingSupplyChain.globalId","value":"GE-2.3-116"}]},"location":{"globalIdentifiers":[{"name":"sterlingSupplyChain.globalId","value":"Arbor Hill"}]},"status":"ACTIVE","name":"AH-GE-2.3-116-10","currentLocationCoordinates":"41.473373,-94.405968","metric2":1.69,"metric2Units":"MW","metric1UpperLimit":10,"metric1LowerLimit":2}}}
{"eventCode":"objectUpsertEvent","tenantId":"a00d66da-09db-4d14-a26f-a1bab83f147d","eventDetails":{"businessObject":{"type":"Asset","globalIdentifiers":[{"name":"sterlingSupplyChain.globalId","value":"AH-GE-11.TURBINE"}],"assetIdentifier":"AH-GE-11","assetType":"TURBINE","assetClass":{"globalIdentifiers":[{"name":"sterlingSupplyChain.globalId","value":"GE-2.3-116"}]},"location":{"globalIdentifiers":[{"name":"sterlingSupplyChain.globalId","value":"Arbor Hill"}]},"status":"ACTIVE","name":"AH-GE-2.3-116-11","currentLocationCoordinates":"41.498928,-94.457558","metric2":1.98,"metric2Units":"MW","metric1UpperLimit":10,"metric1LowerLimit":2}}}
{"eventCode":"objectUpsertEvent","tenantId":"a00d66da-09db-4d14-a26f-a1bab83f147d","eventDetails":{"businessObject":{"type":"Asset","globalIdentifiers":[{"name":"sterlingSupplyChain.globalId","value":"AH-GE-12.TURBINE"}],"assetIdentifier":"AH-GE-12","assetType":"TURBINE","assetClass":{"globalIdentifiers":[{"name":"sterlingSupplyChain.globalId","value":"GE-2.3-116"}]},"location":{"globalIdentifiers":[{"name":"sterlingSupplyChain.globalId","value":"Arbor Hill"}]},"status":"ACTIVE","name":"AH-GE-2.3-116-12","currentLocationCoordinates":"41.501507,-94.421623","metric2":1.63,"metric2Units":"MW","metric1UpperLimit":10,"metric1LowerLimit":2}}}
{"eventCode":"objectUpsertEvent","tenantId":"a00d66da-09db-4d14-a26f-a1bab83f147d","eventDetails":{"businessObject":{"type":"Asset","globalIdentifiers":[{"name":"sterlingSupplyChain.globalId","value":"AH-GE-13.TURBINE"}],"assetIdentifier":"AH-GE-13","assetType":"TURBINE","assetClass":{"globalIdentifiers":[{"name":"sterlingSupplyChain.globalId","value":"GE-2.3-116"}]},"location":{"globalIdentifiers":[{"name":"sterlingSupplyChain.globalId","value":"Arbor Hill"}]},"status":"ACTIVE","name":"AH-GE-2.3-116-13","currentLocationCoordinates":"41.472343,-94.378159","metric2":1.85,"metric2Units":"MW","metric1UpperLimit":10,"metric1LowerLimit":2}}}
{"eventCode":"objectUpsertEvent","tenantId":"a00d66da-09db-4d14-a26f-a1bab83f147d","eventDetails":{"businessObject":{"type":"Asset","globalIdentifiers":[{"name":"sterlingSupplyChain.globalId","value":"AH-GE-14.TURBINE"}],"assetIdentifier":"AH-GE-14","assetType":"TURBINE","assetClass":{"globalIdentifiers":[{"name":"sterlingSupplyChain.globalId","value":"GE-2.3-116"}]},"location":{"globalIdentifiers":[{"name":"sterlingSupplyChain.globalId","value":"Arbor Hill"}]},"status":"ACTIVE","name":"AH-GE-2.3-116-14","currentLocationCoordinates":"41.420479,-94.314697","metric2":1.71,"metric2Units":"MW","metric1UpperLimit":10,"metric1LowerLimit":2}}}
{"eventCode":"objectUpsertEvent","tenantId":"a00d66da-09db-4d14-a26f-a1bab83f147d","eventDetails":{"businessObject":{"type":"Asset","globalIdentifiers":[{"name":"sterlingSupplyChain.globalId","value":"AH-GE-15.TURBINE"}],"assetIdentifier":"AH-GE-15","assetType":"TURBINE","assetClass":{"globalIdentifiers":[{"name":"sterlingSupplyChain.globalId","value":"GE-2.3-116"}]},"location":{"globalIdentifiers":[{"name":"sterlingSupplyChain.globalId","value":"Arbor Hill"}]},"status":"ACTIVE","name":"AH-GE-2.3-116-15","currentLocationCoordinates":"41.466049,-94.399841","metric2":1.68,"metric2Units":"MW","metric1UpperLimit":10,"metric1LowerLimit":2}}}
{"eventCode":"objectUpsertEvent","tenantId":"a00d66da-09db-4d14-a26f-a1bab83f147d","eventDetails":{"businessObject":{"type":"Asset","globalIdentifiers":[{"name":"sterlingSupplyChain.globalId","value":"AH-GE-16.TURBINE"}],"assetIdentifier":"AH-GE-16","assetType":"TURBINE","assetClass":{"globalIdentifiers":[{"name":"sterlingSupplyChain.globalId","value":"GE-2.3-116"}]},"location":{"globalIdentifiers":[{"name":"sterlingSupplyChain.globalId","value":"Arbor Hill"}]},"status":"ACTIVE","name":"AH-GE-2.3-116-16","currentLocationCoordinates":"41.422241,-94.310394","metric2":1.65,"metric2Units":"MW","metric1UpperLimit":10,"metric1LowerLimit":2}}}
{"eventCode":"objectUpsertEvent","tenantId":"a00d66da-09db-4d14-a26f-a1bab83f147d","eventDetails":{"businessObject":{"type":"Asset","globalIdentifiers":[{"name":"sterlingSupplyChain.globalId","value":"AH-GE-17.TURBINE"}],"assetIdentifier":"AH-GE-17","assetType":"TURBINE","assetClass":{"globalIdentifiers":[{"name":"sterlingSupplyChain.globalId","value":"GE-2.3-116"}]},"location":{"globalIdentifiers":[{"name":"sterlingSupplyChain.globalId","value":"Arbor Hill"}]},"status":"ACTIVE","name":"AH-GE-2.3-116-17","currentLocationCoordinates":"41.432241,-94.450394","metric2":1.88,"metric2Units":"MW","metric1UpperLimit":10,"metric1LowerLimit":2}}}
{"eventCode":"objectUpsertEvent","tenantId":"a00d66da-09db-4d14-a26f-a1bab83f147d","eventDetails":{"businessObject":{"type":"Asset","globalIdentifiers":[{"name":"sterlingSupplyChain.globalId","value":"SF-GA-01.TURBINE"}],"assetIdentifier":"SF-GA-01","assetType":"TURBINE","assetClass":{"globalIdentifiers":[{"name":"sterlingSupplyChain.globalId","value":"Gamesa-G97/2000"}]},"location":{"globalIdentifiers":[{"name":"sterlingSupplyChain.globalId","value":"South Fork"}]},"status":"ACTIVE","name":"SF-Gamesa-G97/2000-01","currentLocationCoordinates":"43.599777,-95.399506","metric2":0.99,"metric2Units":"MW","metric1UpperLimit":10,"metric1LowerLimit":2}}}
{"eventCode":"objectUpsertEvent","tenantId":"a00d66da-09db-4d14-a26f-a1bab83f147d","eventDetails":{"businessObject":{"type":"Asset","globalIdentifiers":[{"name":"sterlingSupplyChain.globalId","value":"SF-GA-02.TURBINE"}],"assetIdentifier":"SF-GA-02","assetType":"TURBINE","assetClass":{"globalIdentifiers":[{"name":"sterlingSupplyChain.globalId","value":"Gamesa-G97/2000"}]},"location":{"globalIdentifiers":[{"name":"sterlingSupplyChain.globalId","value":"South Fork"}]},"status":"ACTIVE","name":"SF-Gamesa-G97/2000-02","currentLocationCoordinates":"43.59391,-95.419762","metric2":1.14,"metric2Units":"MW","metric1UpperLimit":10,"metric1LowerLimit":2}}}
{"eventCode":"objectUpsertEvent","tenantId":"a00d66da-09db-4d14-a26f-a1bab83f147d","eventDetails":{"businessObject":{"type":"Asset","globalIdentifiers":[{"name":"sterlingSupplyChain.globalId","value":"SF-GA-03.TURBINE"}],"assetIdentifier":"SF-GA-03","assetType":"TURBINE","assetClass":{"globalIdentifiers":[{"name":"sterlingSupplyChain.globalId","value":"Gamesa-G97/2000"}]},"location":{"globalIdentifiers":[{"name":"sterlingSupplyChain.globalId","value":"South Fork"}]},"status":"ACTIVE","name":"SF-Gamesa-G97/2000-03","currentLocationCoordinates":"43.593971,-95.399933","metric2":0.87,"metric2Units":"MW","metric1UpperLimit":10,"metric1LowerLimit":2}}}
{"eventCode":"objectUpsertEvent","tenantId":"a00d66da-09db-4d14-a26f-a1bab83f147d","eventDetails":{"businessObject":{"type":"Asset","globalIdentifiers":[{"name":"sterlingSupplyChain.globalId","value":"SF-GA-04.TURBINE"}],"assetIdentifier":"SF-GA-04","assetType":"TURBINE","assetClass":{"globalIdentifiers":[{"name":"sterlingSupplyChain.globalId","value":"Gamesa-G97/2000"}]},"location":{"globalIdentifiers":[{"name":"sterlingSupplyChain.globalId","value":"South Fork"}]},"status":"ACTIVE","name":"SF-Gamesa-G97/2000-04","currentLocationCoordinates":"43.599777,-95.409721","metric2":1.06,"metric2Units":"MW","metric1UpperLimit":10,"metric1LowerLimit":2}}}
{"eventCode":"objectUpsertEvent","tenantId":"a00d66da-09db-4d14-a26f-a1bab83f147d","eventDetails":{"businessObject":{"type":"Asset","globalIdentifiers":[{"name":"sterlingSupplyChain.globalId","value":"SF-GA-05.TURBINE"}],"assetIdentifier":"SF-GA-05","assetType":"TURBINE","assetClass":{"globalIdentifiers":[{"name":"sterlingSupplyChain.globalId","value":"Gamesa-G97/2000"}]},"location":{"globalIdentifiers":[{"name":"sterlingSupplyChain.globalId","value":"South Fork"}]},"status":"ACTIVE","name":"SF-Gamesa-G97/2000-05","currentLocationCoordinates":"43.593922,-95.424751","metric2":1.02,"metric2Units":"MW","metric1UpperLimit":10,"metric1LowerLimit":2}}}
{"eventCode":"objectUpsertEvent","tenantId":"a00d66da-09db-4d14-a26f-a1bab83f147d","eventDetails":{"businessObject":{"type":"Asset","globalIdentifiers":[{"name":"sterlingSupplyChain.globalId","value":"SF-GA-06.TURBINE"}],"assetIdentifier":"SF-GA-06","assetType":"TURBINE","assetClass":{"globalIdentifiers":[{"name":"sterlingSupplyChain.globalId","value":"Gamesa-G97/2000"}]},"location":{"globalIdentifiers":[{"name":"sterlingSupplyChain.globalId","value":"South Fork"}]},"status":"ACTIVE","name":"SF-Gamesa-G97/2000-06","currentLocationCoordinates":"43.59391,-95.42955","metric2":0.89,"metric2Units":"MW","metric1UpperLimit":10,"metric1LowerLimit":2}}}
{"eventCode":"objectUpsertEvent","tenantId":"a00d66da-09db-4d14-a26f-a1bab83f147d","eventDetails":{"businessObject":{"type":"Asset","globalIdentifiers":[{"name":"sterlingSupplyChain.globalId","value":"CR-GA-01.TURBINE"}],"assetIdentifier":"CR-GA-01","assetType":"TURBINE","assetClass":{"globalIdentifiers":[{"name":"sterlingSupplyChain.globalId","value":"Gamesa-G97/2000"}]},"location":{"globalIdentifiers":[{"name":"sterlingSupplyChain.globalId","value":"Crescent Ridge I"}]},"status":"ACTIVE","name":"CR-Gamesa-G97/2000-01","currentLocationCoordinates":"41.23217,-89.569046","metric2":3.03,"metric2Units":"MW","metric1UpperLimit":10,"metric1LowerLimit":2}}}
{"eventCode":"objectUpsertEvent","tenantId":"a00d66da-09db-4d14-a26f-a1bab83f147d","eventDetails":{"businessObject":{"type":"Asset","globalIdentifiers":[{"name":"sterlingSupplyChain.globalId","value":"CR-GA-02.TURBINE"}],"assetIdentifier":"CR-GA-02","assetType":"TURBINE","assetClass":{"globalIdentifiers":[{"name":"sterlingSupplyChain.globalId","value":"Gamesa-G97/2000"}]},"location":{"globalIdentifiers":[{"name":"sterlingSupplyChain.globalId","value":"Crescent Ridge I"}]},"status":"ACTIVE","name":"CR-Gamesa-G97/2000-02","currentLocationCoordinates":"41.222794,-89.577194","metric2":3.08,"metric2Units":"MW","metric1UpperLimit":10,"metric1LowerLimit":2}}}
{"eventCode":"objectUpsertEvent","tenantId":"a00d66da-09db-4d14-a26f-a1bab83f147d","eventDetails":{"businessObject":{"type":"Asset","globalIdentifiers":[{"name":"sterlingSupplyChain.globalId","value":"CR-GA-03.TURBINE"}],"assetIdentifier":"CR-GA-03","assetType":"TURBINE","assetClass":{"globalIdentifiers":[{"name":"sterlingSupplyChain.globalId","value":"Gamesa-G97/2000"}]},"location":{"globalIdentifiers":[{"name":"sterlingSupplyChain.globalId","value":"Crescent Ridge I"}]},"status":"ACTIVE","name":"CR-Gamesa-G97/2000-03","currentLocationCoordinates":"41.225594,-89.569092","metric2":3.22,"metric2Units":"MW","metric1UpperLimit":10,"metric1LowerLimit":2}}}
{"eventCode":"objectUpsertEvent","tenantId":"a00d66da-09db-4d14-a26f-a1bab83f147d","eventDetails":{"businessObject":{"type":"Asset","globalIdentifiers":[{"name":"sterlingSupplyChain.globalId","value":"CR-GA-04.TURBINE"}],"assetIdentifier":"CR-GA-04","assetType":"TURBINE","assetClass":{"globalIdentifiers":[{"name":"sterlingSupplyChain.globalId","value":"Gamesa-G97/2000"}]},"location":{"globalIdentifiers":[{"name":"sterlingSupplyChain.globalId","value":"Crescent Ridge I"}]},"status":"ACTIVE","name":"CR-Gamesa-G97/2000-04","currentLocationCoordinates":"41.249863,-89.565498","metric2":2.91,"metric2Units":"MW","metric1UpperLimit":10,"metric1LowerLimit":2}}}
{"eventCode":"objectUpsertEvent","tenantId":"a00d66da-09db-4d14-a26f-a1bab83f147d","eventDetails":{"businessObject":{"type":"Asset","globalIdentifiers":[{"name":"sterlingSupplyChain.globalId","value":"CR-GA-05.TURBINE"}],"assetIdentifier":"CR-GA-05","assetType":"TURBINE","assetClass":{"globalIdentifiers":[{"name":"sterlingSupplyChain.globalId","value":"Gamesa-G97/2000"}]},"location":{"globalIdentifiers":[{"name":"sterlingSupplyChain.globalId","value":"Crescent Ridge I"}]},"status":"ACTIVE","name":"CR-Gamesa-G97/2000-05","currentLocationCoordinates":"41.237793,-89.568596","metric2":2.83,"metric2Units":"MW","metric1UpperLimit":10,"metric1LowerLimit":2}}}
{"eventCode":"objectUpsertEvent","tenantId":"a00d66da-09db-4d14-a26f-a1bab83f147d","eventDetails":{"businessObject":{"type":"Asset","globalIdentifiers":[{"name":"sterlingSupplyChain.globalId","value":"CR-GA-06.TURBINE"}],"assetIdentifier":"CR-GA-06","assetType":"TURBINE","assetClass":{"globalIdentifiers":[{"name":"sterlingSupplyChain.globalId","value":"Gamesa-G97/2000"}]},"location":{"globalIdentifiers":[{"name":"sterlingSupplyChain.globalId","value":"Crescent Ridge I"}]},"status":"ACTIVE","name":"CR-Gamesa-G97/2000-06","currentLocationCoordinates":"41.252293,-89.579491","metric2":2.93,"metric2Units":"MW","metric1UpperLimit":10,"metric1LowerLimit":2}}}
{"eventCode":"objectUpsertEvent","tenantId":"a00d66da-09db-4d14-a26f-a1bab83f147d","eventDetails":{"businessObject":{"type":"Asset","globalIdentifiers":[{"name":"sterlingSupplyChain.globalId","value":"CR-GA-07.TURBINE"}],"assetIdentifier":"CR-GA-07","assetType":"TURBINE","assetClass":{"globalIdentifiers":[{"name":"sterlingSupplyChain.globalId","value":"Gamesa-G97/2000"}]},"location":{"globalIdentifiers":[{"name":"sterlingSupplyChain.globalId","value":"Crescent Ridge I"}]},"status":"ACTIVE","name":"CR-Gamesa-G97/2000-07","currentLocationCoordinates":"41.243591,-89.564697","metric2":2.94,"metric2Units":"MW","metric1UpperLimit":10,"metric1LowerLimit":2}}}
{"eventCode":"objectUpsertEvent","tenantId":"a00d66da-09db-4d14-a26f-a1bab83f147d","eventDetails":{"businessObject":{"type":"Asset","globalIdentifiers":[{"name":"sterlingSupplyChain.globalId","value":"CR-GA-08.TURBINE"}],"assetIdentifier":"CR-GA-08","assetType":"TURBINE","assetClass":{"globalIdentifiers":[{"name":"sterlingSupplyChain.globalId","value":"Gamesa-G97/2000"}]},"location":{"globalIdentifiers":[{"name":"sterlingSupplyChain.globalId","value":"Crescent Ridge I"}]},"status":"ACTIVE","name":"CR-Gamesa-G97/2000-08","currentLocationCoordinates":"41.223091,-89.566391","metric2":3.05,"metric2Units":"MW","metric1UpperLimit":10,"metric1LowerLimit":2}}}
{"eventCode":"objectUpsertEvent","tenantId":"a00d66da-09db-4d14-a26f-a1bab83f147d","eventDetails":{"businessObject":{"type":"Asset","globalIdentifiers":[{"name":"sterlingSupplyChain.globalId","value":"CR-GA-09.TURBINE"}],"assetIdentifier":"CR-GA-09","assetType":"TURBINE","assetClass":{"globalIdentifiers":[{"name":"sterlingSupplyChain.globalId","value":"Gamesa-G97/2000"}]},"location":{"globalIdentifiers":[{"name":"sterlingSupplyChain.globalId","value":"Crescent Ridge I"}]},"status":"ACTIVE","name":"CR-Gamesa-G97/2000-09","currentLocationCoordinates":"41.235291,-89.570694","metric2":3.29,"metric2Units":"MW","metric1UpperLimit":10,"metric1LowerLimit":2}}}
{"eventCode":"objectUpsertEvent","tenantId":"a00d66da-09db-4d14-a26f-a1bab83f147d","eventDetails":{"businessObject":{"type":"Asset","globalIdentifiers":[{"name":"sterlingSupplyChain.globalId","value":"CR-GA-10.TURBINE"}],"assetIdentifier":"CR-GA-10","assetType":"TURBINE","assetClass":{"globalIdentifiers":[{"name":"sterlingSupplyChain.globalId","value":"Gamesa-G97/2000"}]},"location":{"globalIdentifiers":[{"name":"sterlingSupplyChain.globalId","value":"Crescent Ridge I"}]},"status":"ACTIVE","name":"CR-Gamesa-G97/2000-10","currentLocationCoordinates":"41.25959,-89.578094","metric2":2.88,"metric2Units":"MW","metric1UpperLimit":10,"metric1LowerLimit":2}}}
{"eventCode":"objectUpsertEvent","tenantId":"a00d66da-09db-4d14-a26f-a1bab83f147d","eventDetails":{"businessObject":{"type":"Asset","globalIdentifiers":[{"name":"sterlingSupplyChain.globalId","value":"CR-GA-11.TURBINE"}],"assetIdentifier":"CR-GA-11","assetType":"TURBINE","assetClass":{"globalIdentifiers":[{"name":"sterlingSupplyChain.globalId","value":"Gamesa-G97/2000"}]},"location":{"globalIdentifiers":[{"name":"sterlingSupplyChain.globalId","value":"Crescent Ridge I"}]},"status":"ACTIVE","name":"CR-Gamesa-G97/2000-11","currentLocationCoordinates":"41.228092,-89.565491","metric2":2.85,"metric2Units":"MW","metric1UpperLimit":10,"metric1LowerLimit":2}}}
{"eventCode":"objectUpsertEvent","tenantId":"a00d66da-09db-4d14-a26f-a1bab83f147d","eventDetails":{"businessObject":{"type":"Asset","globalIdentifiers":[{"name":"sterlingSupplyChain.globalId","value":"CR-GA-12.TURBINE"}],"assetIdentifier":"CR-GA-12","assetType":"TURBINE","assetClass":{"globalIdentifiers":[{"name":"sterlingSupplyChain.globalId","value":"Gamesa-G97/2000"}]},"location":{"globalIdentifiers":[{"name":"sterlingSupplyChain.globalId","value":"Crescent Ridge I"}]},"status":"ACTIVE","name":"CR-Gamesa-G97/2000-12","currentLocationCoordinates":"41.253754,-89.570686","metric2":3.16,"metric2Units":"MW","metric1UpperLimit":10,"metric1LowerLimit":2}}}
{"eventCode":"objectUpsertEvent","tenantId":"a00d66da-09db-4d14-a26f-a1bab83f147d","eventDetails":{"businessObject":{"type":"Asset","globalIdentifiers":[{"name":"sterlingSupplyChain.globalId","value":"CR-GA-13.TURBINE"}],"assetIdentifier":"CR-GA-13","assetType":"TURBINE","assetClass":{"globalIdentifiers":[{"name":"sterlingSupplyChain.globalId","value":"Gamesa-G97/2000"}]},"location":{"globalIdentifiers":[{"name":"sterlingSupplyChain.globalId","value":"Crescent Ridge I"}]},"status":"ACTIVE","name":"CR-Gamesa-G97/2000-13","currentLocationCoordinates":"41.231091,-89.565193","metric2":2.93,"metric2Units":"MW","metric1UpperLimit":10,"metric1LowerLimit":2}}}
{"eventCode":"objectUpsertEvent","tenantId":"a00d66da-09db-4d14-a26f-a1bab83f147d","eventDetails":{"businessObject":{"type":"Asset","globalIdentifiers":[{"name":"sterlingSupplyChain.globalId","value":"CR-GA-14.TURBINE"}],"assetIdentifier":"CR-GA-14","assetType":"TURBINE","assetClass":{"globalIdentifiers":[{"name":"sterlingSupplyChain.globalId","value":"Gamesa-G97/2000"}]},"location":{"globalIdentifiers":[{"name":"sterlingSupplyChain.globalId","value":"Crescent Ridge I"}]},"status":"ACTIVE","name":"CR-Gamesa-G97/2000-14","currentLocationCoordinates":"41.250057,-89.57077","metric2":2.99,"metric2Units":"MW","metric1UpperLimit":10,"metric1LowerLimit":2}}}
{"eventCode":"objectUpsertEvent","tenantId":"a00d66da-09db-4d14-a26f-a1bab83f147d","eventDetails":{"businessObject":{"type":"Asset","globalIdentifiers":[{"name":"sterlingSupplyChain.globalId","value":"CR-GA-15.TURBINE"}],"assetIdentifier":"CR-GA-15","assetType":"TURBINE","assetClass":{"globalIdentifiers":[{"name":"sterlingSupplyChain.globalId","value":"Gamesa-G97/2000"}]},"location":{"globalIdentifiers":[{"name":"sterlingSupplyChain.globalId","value":"Crescent Ridge I"}]},"status":"ACTIVE","name":"CR-Gamesa-G97/2000-15","currentLocationCoordinates":"41.261692,-89.580292","metric2":3.22,"metric2Units":"MW","metric1UpperLimit":10,"metric1LowerLimit":2}}}
{"eventCode":"objectUpsertEvent","tenantId":"a00d66da-09db-4d14-a26f-a1bab83f147d","eventDetails":{"businessObject":{"type":"Asset","globalIdentifiers":[{"name":"sterlingSupplyChain.globalId","value":"CR-GA-16.TURBINE"}],"assetIdentifier":"CR-GA-16","assetType":"TURBINE","assetClass":{"globalIdentifiers":[{"name":"sterlingSupplyChain.globalId","value":"Gamesa-G97/2000"}]},"location":{"globalIdentifiers":[{"name":"sterlingSupplyChain.globalId","value":"Crescent Ridge I"}]},"status":"ACTIVE","name":"CR-Gamesa-G97/2000-16","currentLocationCoordinates":"41.246693,-89.564194","metric2":3.12,"metric2Units":"MW","metric1UpperLimit":10,"metric1LowerLimit":2}}}
{"eventCode":"objectUpsertEvent","tenantId":"a00d66da-09db-4d14-a26f-a1bab83f147d","eventDetails":{"businessObject":{"type":"Asset","globalIdentifiers":[{"name":"sterlingSupplyChain.globalId","value":"CR-GA-17.TURBINE"}],"assetIdentifier":"CR-GA-17","assetType":"TURBINE","assetClass":{"globalIdentifiers":[{"name":"sterlingSupplyChain.globalId","value":"Gamesa-G97/2000"}]},"location":{"globalIdentifiers":[{"name":"sterlingSupplyChain.globalId","value":"Crescent Ridge I"}]},"status":"ACTIVE","name":"CR-Gamesa-G97/2000-17","currentLocationCoordinates":"41.259792,-89.570992","metric2":3.2,"metric2Units":"MW","metric1UpperLimit":10,"metric1LowerLimit":2}}}
{"eventCode":"objectUpsertEvent","tenantId":"a00d66da-09db-4d14-a26f-a1bab83f147d","eventDetails":{"businessObject":{"type":"Asset","globalIdentifiers":[{"name":"sterlingSupplyChain.globalId","value":"CR-GA-18.TURBINE"}],"assetIdentifier":"CR-GA-18","assetType":"TURBINE","assetClass":{"globalIdentifiers":[{"name":"sterlingSupplyChain.globalId","value":"Gamesa-G97/2000"}]},"location":{"globalIdentifiers":[{"name":"sterlingSupplyChain.globalId","value":"Crescent Ridge I"}]},"status":"ACTIVE","name":"CR-Gamesa-G97/2000-18","currentLocationCoordinates":"41.230965,-89.573158","metric2":2.94,"metric2Units":"MW","metric1UpperLimit":10,"metric1LowerLimit":2}}}
{"eventCode":"objectUpsertEvent","tenantId":"a00d66da-09db-4d14-a26f-a1bab83f147d","eventDetails":{"businessObject":{"type":"Asset","globalIdentifiers":[{"name":"sterlingSupplyChain.globalId","value":"CR-GA-19.TURBINE"}],"assetIdentifier":"CR-GA-19","assetType":"TURBINE","assetClass":{"globalIdentifiers":[{"name":"sterlingSupplyChain.globalId","value":"Gamesa-G97/2000"}]},"location":{"globalIdentifiers":[{"name":"sterlingSupplyChain.globalId","value":"Crescent Ridge I"}]},"status":"ACTIVE","name":"CR-Gamesa-G97/2000-19","currentLocationCoordinates":"41.24649,-89.580391","metric2":3.17,"metric2Units":"MW","metric1UpperLimit":10,"metric1LowerLimit":2}}}
{"eventCode":"objectUpsertEvent","tenantId":"a00d66da-09db-4d14-a26f-a1bab83f147d","eventDetails":{"businessObject":{"type":"Asset","globalIdentifiers":[{"name":"sterlingSupplyChain.globalId","value":"CR-GA-20.TURBINE"}],"assetIdentifier":"CR-GA-20","assetType":"TURBINE","assetClass":{"globalIdentifiers":[{"name":"sterlingSupplyChain.globalId","value":"Gamesa-G97/2000"}]},"location":{"globalIdentifiers":[{"name":"sterlingSupplyChain.globalId","value":"Crescent Ridge I"}]},"status":"ACTIVE","name":"CR-Gamesa-G97/2000-20","currentLocationCoordinates":"41.230091,-89.577194","metric2":3.07,"metric2Units":"MW","metric1UpperLimit":10,"metric1LowerLimit":2}}}
{"eventCode":"objectUpsertEvent","tenantId":"a00d66da-09db-4d14-a26f-a1bab83f147d","eventDetails":{"businessObject":{"type":"Asset","globalIdentifiers":[{"name":"sterlingSupplyChain.globalId","value":"CR-GA-21.TURBINE"}],"assetIdentifier":"CR-GA-21","assetType":"TURBINE","assetClass":{"globalIdentifiers":[{"name":"sterlingSupplyChain.globalId","value":"Gamesa-G97/2000"}]},"location":{"globalIdentifiers":[{"name":"sterlingSupplyChain.globalId","value":"Crescent Ridge I"}]},"status":"ACTIVE","name":"CR-Gamesa-G97/2000-21","currentLocationCoordinates":"41.257294,-89.564995","metric2":3.18,"metric2Units":"MW","metric1UpperLimit":10,"metric1LowerLimit":2}}}
{"eventCode":"objectUpsertEvent","tenantId":"a00d66da-09db-4d14-a26f-a1bab83f147d","eventDetails":{"businessObject":{"type":"Asset","globalIdentifiers":[{"name":"sterlingSupplyChain.globalId","value":"CR-GA-22.TURBINE"}],"assetIdentifier":"CR-GA-22","assetType":"TURBINE","assetClass":{"globalIdentifiers":[{"name":"sterlingSupplyChain.globalId","value":"Gamesa-G97/2000"}]},"location":{"globalIdentifiers":[{"name":"sterlingSupplyChain.globalId","value":"Crescent Ridge I"}]},"status":"ACTIVE","name":"CR-Gamesa-G97/2000-22","currentLocationCoordinates":"41.250393,-89.556396","metric2":3.16,"metric2Units":"MW","metric1UpperLimit":10,"metric1LowerLimit":2}}}
{"eventCode":"objectUpsertEvent","tenantId":"a00d66da-09db-4d14-a26f-a1bab83f147d","eventDetails":{"businessObject":{"type":"Asset","globalIdentifiers":[{"name":"sterlingSupplyChain.globalId","value":"CR-GA-23.TURBINE"}],"assetIdentifier":"CR-GA-23","assetType":"TURBINE","assetClass":{"globalIdentifiers":[{"name":"sterlingSupplyChain.globalId","value":"Gamesa-G97/2000"}]},"location":{"globalIdentifiers":[{"name":"sterlingSupplyChain.globalId","value":"Crescent Ridge I"}]},"status":"ACTIVE","name":"CR-Gamesa-G97/2000-23","currentLocationCoordinates":"41.240791,-89.567192","metric2":3.23,"metric2Units":"MW","metric1UpperLimit":10,"metric1LowerLimit":2}}}
{"eventCode":"objectUpsertEvent","tenantId":"a00d66da-09db-4d14-a26f-a1bab83f147d","eventDetails":{"businessObject":{"type":"Asset","globalIdentifiers":[{"name":"sterlingSupplyChain.globalId","value":"CR-GA-24.TURBINE"}],"assetIdentifier":"CR-GA-24","assetType":"TURBINE","assetClass":{"globalIdentifiers":[{"name":"sterlingSupplyChain.globalId","value":"Gamesa-G97/2000"}]},"location":{"globalIdentifiers":[{"name":"sterlingSupplyChain.globalId","value":"Crescent Ridge I"}]},"status":"ACTIVE","name":"CR-Gamesa-G97/2000-24","currentLocationCoordinates":"41.268692,-89.579292","metric2":2.87,"metric2Units":"MW","metric1UpperLimit":10,"metric1LowerLimit":2}}}
{"eventCode":"objectUpsertEvent","tenantId":"a00d66da-09db-4d14-a26f-a1bab83f147d","eventDetails":{"businessObject":{"type":"Asset","globalIdentifiers":[{"name":"sterlingSupplyChain.globalId","value":"CR-GA-25.TURBINE"}],"assetIdentifier":"CR-GA-25","assetType":"TURBINE","assetClass":{"globalIdentifiers":[{"name":"sterlingSupplyChain.globalId","value":"Gamesa-G97/2000"}]},"location":{"globalIdentifiers":[{"name":"sterlingSupplyChain.globalId","value":"Crescent Ridge I"}]},"status":"ACTIVE","name":"CR-Gamesa-G97/2000-25","currentLocationCoordinates":"41.265434,-89.579262","metric2":3.17,"metric2Units":"MW","metric1UpperLimit":10,"metric1LowerLimit":2}}}
{"eventCode":"objectUpsertEvent","tenantId":"a00d66da-09db-4d14-a26f-a1bab83f147d","eventDetails":{"businessObject":{"type":"Asset","globalIdentifiers":[{"name":"sterlingSupplyChain.globalId","value":"CR-GA-26.TURBINE"}],"assetIdentifier":"CR-GA-26","assetType":"TURBINE","assetClass":{"globalIdentifiers":[{"name":"sterlingSupplyChain.globalId","value":"Gamesa-G97/2000"}]},"location":{"globalIdentifiers":[{"name":"sterlingSupplyChain.globalId","value":"Crescent Ridge I"}]},"status":"ACTIVE","name":"CR-Gamesa-G97/2000-26","currentLocationCoordinates":"41.257229,-89.578133","metric2":3.16,"metric2Units":"MW","metric1UpperLimit":10,"metric1LowerLimit":2}}}
{"eventCode":"objectUpsertEvent","tenantId":"a00d66da-09db-4d14-a26f-a1bab83f147d","eventDetails":{"businessObject":{"type":"Asset","globalIdentifiers":[{"name":"sterlingSupplyChain.globalId","value":"CR-GA-27.TURBINE"}],"assetIdentifier":"CR-GA-27","assetType":"TURBINE","assetClass":{"globalIdentifiers":[{"name":"sterlingSupplyChain.globalId","value":"Gamesa-G97/2000"}]},"location":{"globalIdentifiers":[{"name":"sterlingSupplyChain.globalId","value":"Crescent Ridge I"}]},"status":"ACTIVE","name":"CR-Gamesa-G97/2000-27","currentLocationCoordinates":"41.226192,-89.577194","metric2":2.95,"metric2Units":"MW","metric1UpperLimit":10,"metric1LowerLimit":2}}}
{"eventCode":"objectUpsertEvent","tenantId":"a00d66da-09db-4d14-a26f-a1bab83f147d","eventDetails":{"businessObject":{"type":"Asset","globalIdentifiers":[{"name":"sterlingSupplyChain.globalId","value":"CR-GA-28.TURBINE"}],"assetIdentifier":"CR-GA-28","assetType":"TURBINE","assetClass":{"globalIdentifiers":[{"name":"sterlingSupplyChain.globalId","value":"Gamesa-G97/2000"}]},"location":{"globalIdentifiers":[{"name":"sterlingSupplyChain.globalId","value":"Crescent Ridge I"}]},"status":"ACTIVE","name":"CR-Gamesa-G97/2000-28","currentLocationCoordinates":"41.240593,-89.575096","metric2":3.1,"metric2Units":"MW","metric1UpperLimit":10,"metric1LowerLimit":2}}}
{"eventCode":"objectUpsertEvent","tenantId":"a00d66da-09db-4d14-a26f-a1bab83f147d","eventDetails":{"businessObject":{"type":"Asset","globalIdentifiers":[{"name":"sterlingSupplyChain.globalId","value":"SC-GE-01.TURBINE"}],"assetIdentifier":"SC-GE-01","assetType":"TURBINE","assetClass":{"globalIdentifiers":[{"name":"sterlingSupplyChain.globalId","value":"GE-5.3-158"}]},"location":{"globalIdentifiers":[{"name":"sterlingSupplyChain.globalId","value":"Stoney Corners"}]},"status":"ACTIVE","name":"SC-GE-5.3-158-01","currentLocationCoordinates":"44.201092,-85.303596","metric2":2.03,"metric2Units":"MW","metric1UpperLimit":10,"metric1LowerLimit":2}}}
{"eventCode":"objectUpsertEvent","tenantId":"a00d66da-09db-4d14-a26f-a1bab83f147d","eventDetails":{"businessObject":{"type":"Asset","globalIdentifiers":[{"name":"sterlingSupplyChain.globalId","value":"SC-GE-02.TURBINE"}],"assetIdentifier":"SC-GE-02","assetType":"TURBINE","assetClass":{"globalIdentifiers":[{"name":"sterlingSupplyChain.globalId","value":"GE-5.3-158"}]},"location":{"globalIdentifiers":[{"name":"sterlingSupplyChain.globalId","value":"Stoney Corners"}]},"status":"ACTIVE","name":"SC-GE-5.3-158-02","currentLocationCoordinates":"44.18309,-85.329094","metric2":2,"metric2Units":"MW","metric1UpperLimit":10,"metric1LowerLimit":2}}}
{"eventCode":"objectUpsertEvent","tenantId":"a00d66da-09db-4d14-a26f-a1bab83f147d","eventDetails":{"businessObject":{"type":"Asset","globalIdentifiers":[{"name":"sterlingSupplyChain.globalId","value":"SC-GE-03.TURBINE"}],"assetIdentifier":"SC-GE-03","assetType":"TURBINE","assetClass":{"globalIdentifiers":[{"name":"sterlingSupplyChain.globalId","value":"GE-5.3-158"}]},"location":{"globalIdentifiers":[{"name":"sterlingSupplyChain.globalId","value":"Stoney Corners"}]},"status":"ACTIVE","name":"SC-GE-5.3-158-03","currentLocationCoordinates":"44.19099,-85.323296","metric2":2.25,"metric2Units":"MW","metric1UpperLimit":10,"metric1LowerLimit":2}}}
{"eventCode":"objectUpsertEvent","tenantId":"a00d66da-09db-4d14-a26f-a1bab83f147d","eventDetails":{"businessObject":{"type":"Asset","globalIdentifiers":[{"name":"sterlingSupplyChain.globalId","value":"SC-GE-04.TURBINE"}],"assetIdentifier":"SC-GE-04","assetType":"TURBINE","assetClass":{"globalIdentifiers":[{"name":"sterlingSupplyChain.globalId","value":"GE-5.3-158"}]},"location":{"globalIdentifiers":[{"name":"sterlingSupplyChain.globalId","value":"Stoney Corners"}]},"status":"ACTIVE","name":"SC-GE-5.3-158-04","currentLocationCoordinates":"44.196293,-85.313293","metric2":2.05,"metric2Units":"MW","metric1UpperLimit":10,"metric1LowerLimit":2}}}
{"eventCode":"objectUpsertEvent","tenantId":"a00d66da-09db-4d14-a26f-a1bab83f147d","eventDetails":{"businessObject":{"type":"Asset","globalIdentifiers":[{"name":"sterlingSupplyChain.globalId","value":"SC-GE-05.TURBINE"}],"assetIdentifier":"SC-GE-05","assetType":"TURBINE","assetClass":{"globalIdentifiers":[{"name":"sterlingSupplyChain.globalId","value":"GE-5.3-158"}]},"location":{"globalIdentifiers":[{"name":"sterlingSupplyChain.globalId","value":"Stoney Corners"}]},"status":"ACTIVE","name":"SC-GE-5.3-158-05","currentLocationCoordinates":"44.186192,-85.332794","metric2":2.18,"metric2Units":"MW","metric1UpperLimit":10,"metric1LowerLimit":2}}}
{"eventCode":"objectUpsertEvent","tenantId":"a00d66da-09db-4d14-a26f-a1bab83f147d","eventDetails":{"businessObject":{"type":"Asset","globalIdentifiers":[{"name":"sterlingSupplyChain.globalId","value":"SC-GE-06.TURBINE"}],"assetIdentifier":"SC-GE-06","assetType":"TURBINE","assetClass":{"globalIdentifiers":[{"name":"sterlingSupplyChain.globalId","value":"GE-5.3-158"}]},"location":{"globalIdentifiers":[{"name":"sterlingSupplyChain.globalId","value":"Stoney Corners"}]},"status":"ACTIVE","name":"SC-GE-5.3-158-06","currentLocationCoordinates":"44.18309,-85.291893","metric2":1.94,"metric2Units":"MW","metric1UpperLimit":10,"metric1LowerLimit":2}}}
{"eventCode":"objectUpsertEvent","tenantId":"a00d66da-09db-4d14-a26f-a1bab83f147d","eventDetails":{"businessObject":{"type":"Asset","globalIdentifiers":[{"name":"sterlingSupplyChain.globalId","value":"SC-GE-07.TURBINE"}],"assetIdentifier":"SC-GE-07","assetType":"TURBINE","assetClass":{"globalIdentifiers":[{"name":"sterlingSupplyChain.globalId","value":"GE-5.3-158"}]},"location":{"globalIdentifiers":[{"name":"sterlingSupplyChain.globalId","value":"Stoney Corners"}]},"status":"ACTIVE","name":"SC-GE-5.3-158-07","currentLocationCoordinates":"44.195892,-85.324097","metric2":2.16,"metric2Units":"MW","metric1UpperLimit":10,"metric1LowerLimit":2}}}
{"eventCode":"objectUpsertEvent","tenantId":"a00d66da-09db-4d14-a26f-a1bab83f147d","eventDetails":{"businessObject":{"type":"Asset","globalIdentifiers":[{"name":"sterlingSupplyChain.globalId","value":"RWF-VE-01.TURBINE"}],"assetIdentifier":"RWF-VE-01","assetType":"TURBINE","assetClass":{"globalIdentifiers":[{"name":"sterlingSupplyChain.globalId","value":"Vestas-V82/1650"}]},"location":{"globalIdentifiers":[{"name":"sterlingSupplyChain.globalId","value":"Rosiere Wind Farm"}]},"status":"ACTIVE","name":"RWF-Vestas-V82/1650-01","currentLocationCoordinates":"44.641022,-87.65847","metric2":2,"metric2Units":"MW","metric1UpperLimit":10,"metric1LowerLimit":2}}}
{"eventCode":"objectUpsertEvent","tenantId":"a00d66da-09db-4d14-a26f-a1bab83f147d","eventDetails":{"businessObject":{"type":"Asset","globalIdentifiers":[{"name":"sterlingSupplyChain.globalId","value":"RWF-VE-02.TURBINE"}],"assetIdentifier":"RWF-VE-02","assetType":"TURBINE","assetClass":{"globalIdentifiers":[{"name":"sterlingSupplyChain.globalId","value":"Vestas-V82/1650"}]},"location":{"globalIdentifiers":[{"name":"sterlingSupplyChain.globalId","value":"Rosiere Wind Farm"}]},"status":"ACTIVE","name":"RWF-Vestas-V82/1650-02","currentLocationCoordinates":"44.637894,-87.645798","metric2":2.26,"metric2Units":"MW","metric1UpperLimit":10,"metric1LowerLimit":2}}}
{"eventCode":"objectUpsertEvent","tenantId":"a00d66da-09db-4d14-a26f-a1bab83f147d","eventDetails":{"businessObject":{"type":"Asset","globalIdentifiers":[{"name":"sterlingSupplyChain.globalId","value":"RWF-VE-03.TURBINE"}],"assetIdentifier":"RWF-VE-03","assetType":"TURBINE","assetClass":{"globalIdentifiers":[{"name":"sterlingSupplyChain.globalId","value":"Vestas-V82/1650"}]},"location":{"globalIdentifiers":[{"name":"sterlingSupplyChain.globalId","value":"Rosiere Wind Farm"}]},"status":"ACTIVE","name":"RWF-Vestas-V82/1650-03","currentLocationCoordinates":"44.644131,-87.655807","metric2":2.25,"metric2Units":"MW","metric1UpperLimit":10,"metric1LowerLimit":2}}}
{"eventCode":"objectUpsertEvent","tenantId":"a00d66da-09db-4d14-a26f-a1bab83f147d","eventDetails":{"businessObject":{"type":"Asset","globalIdentifiers":[{"name":"sterlingSupplyChain.globalId","value":"RWF-VE-04.TURBINE"}],"assetIdentifier":"RWF-VE-04","assetType":"TURBINE","assetClass":{"globalIdentifiers":[{"name":"sterlingSupplyChain.globalId","value":"Vestas-V82/1650"}]},"location":{"globalIdentifiers":[{"name":"sterlingSupplyChain.globalId","value":"Rosiere Wind Farm"}]},"status":"ACTIVE","name":"RWF-Vestas-V82/1650-04","currentLocationCoordinates":"44.671192,-87.628693","metric2":2.05,"metric2Units":"MW","metric1UpperLimit":10,"metric1LowerLimit":2}}}
{"eventCode":"objectUpsertEvent","tenantId":"a00d66da-09db-4d14-a26f-a1bab83f147d","eventDetails":{"businessObject":{"type":"Asset","globalIdentifiers":[{"name":"sterlingSupplyChain.globalId","value":"RWF-VE-05.TURBINE"}],"assetIdentifier":"RWF-VE-05","assetType":"TURBINE","assetClass":{"globalIdentifiers":[{"name":"sterlingSupplyChain.globalId","value":"Vestas-V82/1650"}]},"location":{"globalIdentifiers":[{"name":"sterlingSupplyChain.globalId","value":"Rosiere Wind Farm"}]},"status":"ACTIVE","name":"RWF-Vestas-V82/1650-05","currentLocationCoordinates":"44.64529,-87.647392","metric2":2.19,"metric2Units":"MW","metric1UpperLimit":10,"metric1LowerLimit":2}}}
{"eventCode":"objectUpsertEvent","tenantId":"a00d66da-09db-4d14-a26f-a1bab83f147d","eventDetails":{"businessObject":{"type":"Asset","globalIdentifiers":[{"name":"sterlingSupplyChain.globalId","value":"RWF-VE-06.TURBINE"}],"assetIdentifier":"RWF-VE-06","assetType":"TURBINE","assetClass":{"globalIdentifiers":[{"name":"sterlingSupplyChain.globalId","value":"Vestas-V82/1650"}]},"location":{"globalIdentifiers":[{"name":"sterlingSupplyChain.globalId","value":"Rosiere Wind Farm"}]},"status":"ACTIVE","name":"RWF-Vestas-V82/1650-06","currentLocationCoordinates":"44.642094,-87.649895","metric2":2.13,"metric2Units":"MW","metric1UpperLimit":10,"metric1LowerLimit":2}}}
{"eventCode":"objectUpsertEvent","tenantId":"a00d66da-09db-4d14-a26f-a1bab83f147d","eventDetails":{"businessObject":{"type":"Asset","globalIdentifiers":[{"name":"sterlingSupplyChain.globalId","value":"RWF-VE-07.TURBINE"}],"assetIdentifier":"RWF-VE-07","assetType":"TURBINE","assetClass":{"globalIdentifiers":[{"name":"sterlingSupplyChain.globalId","value":"Vestas-V82/1650"}]},"location":{"globalIdentifiers":[{"name":"sterlingSupplyChain.globalId","value":"Rosiere Wind Farm"}]},"status":"ACTIVE","name":"RWF-Vestas-V82/1650-07","currentLocationCoordinates":"44.63649,-87.643196","metric2":2.15,"metric2Units":"MW","metric1UpperLimit":10,"metric1LowerLimit":2}}}
{"eventCode":"objectUpsertEvent","tenantId":"a00d66da-09db-4d14-a26f-a1bab83f147d","eventDetails":{"businessObject":{"type":"Asset","globalIdentifiers":[{"name":"sterlingSupplyChain.globalId","value":"RWF-VE-08.TURBINE"}],"assetIdentifier":"RWF-VE-08","assetType":"TURBINE","assetClass":{"globalIdentifiers":[{"name":"sterlingSupplyChain.globalId","value":"Vestas-V82/1650"}]},"location":{"globalIdentifiers":[{"name":"sterlingSupplyChain.globalId","value":"Rosiere Wind Farm"}]},"status":"ACTIVE","name":"RWF-Vestas-V82/1650-08","currentLocationCoordinates":"44.672607,-87.637985","metric2":2.05,"metric2Units":"MW","metric1UpperLimit":10,"metric1LowerLimit":2}}}
{"eventCode":"objectUpsertEvent","tenantId":"a00d66da-09db-4d14-a26f-a1bab83f147d","eventDetails":{"businessObject":{"type":"Asset","globalIdentifiers":[{"name":"sterlingSupplyChain.globalId","value":"RWF-VE-09.TURBINE"}],"assetIdentifier":"RWF-VE-09","assetType":"TURBINE","assetClass":{"globalIdentifiers":[{"name":"sterlingSupplyChain.globalId","value":"Vestas-V82/1650"}]},"location":{"globalIdentifiers":[{"name":"sterlingSupplyChain.globalId","value":"Rosiere Wind Farm"}]},"status":"ACTIVE","name":"RWF-Vestas-V82/1650-09","currentLocationCoordinates":"44.665543,-87.630363","metric2":2,"metric2Units":"MW","metric1UpperLimit":10,"metric1LowerLimit":2}}}
{"eventCode":"objectUpsertEvent","tenantId":"a00d66da-09db-4d14-a26f-a1bab83f147d","eventDetails":{"businessObject":{"type":"Asset","globalIdentifiers":[{"name":"sterlingSupplyChain.globalId","value":"RWF-VE-10.TURBINE"}],"assetIdentifier":"RWF-VE-10","assetType":"TURBINE","assetClass":{"globalIdentifiers":[{"name":"sterlingSupplyChain.globalId","value":"Vestas-V82/1650"}]},"location":{"globalIdentifiers":[{"name":"sterlingSupplyChain.globalId","value":"Rosiere Wind Farm"}]},"status":"ACTIVE","name":"RWF-Vestas-V82/1650-10","currentLocationCoordinates":"44.669689,-87.627266","metric2":2.14,"metric2Units":"MW","metric1UpperLimit":10,"metric1LowerLimit":2}}}
{"eventCode":"objectUpsertEvent","tenantId":"a00d66da-09db-4d14-a26f-a1bab83f147d","eventDetails":{"businessObject":{"type":"Asset","globalIdentifiers":[{"name":"sterlingSupplyChain.globalId","value":"RWF-VE-11.TURBINE"}],"assetIdentifier":"RWF-VE-11","assetType":"TURBINE","assetClass":{"globalIdentifiers":[{"name":"sterlingSupplyChain.globalId","value":"Vestas-V82/1650"}]},"location":{"globalIdentifiers":[{"name":"sterlingSupplyChain.globalId","value":"Rosiere Wind Farm"}]},"status":"ACTIVE","name":"RWF-Vestas-V82/1650-11","currentLocationCoordinates":"44.643341,-87.647224","metric2":1.92,"metric2Units":"MW","metric1UpperLimit":10,"metric1LowerLimit":2}}}
{"eventCode":"objectUpsertEvent","tenantId":"a00d66da-09db-4d14-a26f-a1bab83f147d","eventDetails":{"businessObject":{"type":"Asset","globalIdentifiers":[{"name":"sterlingSupplyChain.globalId","value":"RWF-VE-12.TURBINE"}],"assetIdentifier":"RWF-VE-12","assetType":"TURBINE","assetClass":{"globalIdentifiers":[{"name":"sterlingSupplyChain.globalId","value":"Vestas-V82/1650"}]},"location":{"globalIdentifiers":[{"name":"sterlingSupplyChain.globalId","value":"Rosiere Wind Farm"}]},"status":"ACTIVE","name":"RWF-Vestas-V82/1650-12","currentLocationCoordinates":"44.669292,-87.629997","metric2":2.14,"metric2Units":"MW","metric1UpperLimit":10,"metric1LowerLimit":2}}}
{"eventCode":"objectUpsertEvent","tenantId":"a00d66da-09db-4d14-a26f-a1bab83f147d","eventDetails":{"businessObject":{"type":"Asset","globalIdentifiers":[{"name":"sterlingSupplyChain.globalId","value":"RWF-VE-13.TURBINE"}],"assetIdentifier":"RWF-VE-13","assetType":"TURBINE","assetClass":{"globalIdentifiers":[{"name":"sterlingSupplyChain.globalId","value":"Vestas-V82/1650"}]},"location":{"globalIdentifiers":[{"name":"sterlingSupplyChain.globalId","value":"Rosiere Wind Farm"}]},"status":"ACTIVE","name":"RWF-Vestas-V82/1650-13","currentLocationCoordinates":"44.667393,-87.627693","metric2":2.02,"metric2Units":"MW","metric1UpperLimit":10,"metric1LowerLimit":2}}}
{"eventCode":"objectUpsertEvent","tenantId":"a00d66da-09db-4d14-a26f-a1bab83f147d","eventDetails":{"businessObject":{"type":"Asset","globalIdentifiers":[{"name":"sterlingSupplyChain.globalId","value":"RWF-VE-14.TURBINE"}],"assetIdentifier":"RWF-VE-14","assetType":"TURBINE","assetClass":{"globalIdentifiers":[{"name":"sterlingSupplyChain.globalId","value":"Vestas-V82/1650"}]},"location":{"globalIdentifiers":[{"name":"sterlingSupplyChain.globalId","value":"Rosiere Wind Farm"}]},"status":"ACTIVE","name":"RWF-Vestas-V82/1650-14","currentLocationCoordinates":"44.645672,-87.657166","metric2":2.14,"metric2Units":"MW","metric1UpperLimit":10,"metric1LowerLimit":2}}}
{"eventCode":"objectUpsertEvent","tenantId":"a00d66da-09db-4d14-a26f-a1bab83f147d","eventDetails":{"businessObject":{"type":"Asset","globalIdentifiers":[{"name":"sterlingSupplyChain.globalId","value":"RWF-VE-15.TURBINE"}],"assetIdentifier":"RWF-VE-15","assetType":"TURBINE","assetClass":{"globalIdentifiers":[{"name":"sterlingSupplyChain.globalId","value":"Vestas-V82/1650"}]},"location":{"globalIdentifiers":[{"name":"sterlingSupplyChain.globalId","value":"Rosiere Wind Farm"}]},"status":"ACTIVE","name":"RWF-Vestas-V82/1650-15","currentLocationCoordinates":"44.664154,-87.630363","metric2":2.14,"metric2Units":"MW","metric1UpperLimit":10,"metric1LowerLimit":2}}}
{"eventCode":"objectUpsertEvent","tenantId":"a00d66da-09db-4d14-a26f-a1bab83f147d","eventDetails":{"businessObject":{"type":"Asset","globalIdentifiers":[{"name":"sterlingSupplyChain.globalId","value":"RWF-VE-16.TURBINE"}],"assetIdentifier":"RWF-VE-16","assetType":"TURBINE","assetClass":{"globalIdentifiers":[{"name":"sterlingSupplyChain.globalId","value":"Vestas-V82/1650"}]},"location":{"globalIdentifiers":[{"name":"sterlingSupplyChain.globalId","value":"Rosiere Wind Farm"}]},"status":"ACTIVE","name":"RWF-Vestas-V82/1650-16","currentLocationCoordinates":"44.642448,-87.656174","metric2":2.3,"metric2Units":"MW","metric1UpperLimit":10,"metric1LowerLimit":2}}}
{"eventCode":"objectUpsertEvent","tenantId":"a00d66da-09db-4d14-a26f-a1bab83f147d","eventDetails":{"businessObject":{"type":"Asset","globalIdentifiers":[{"name":"sterlingSupplyChain.globalId","value":"RWF-VE-17.TURBINE"}],"assetIdentifier":"RWF-VE-17","assetType":"TURBINE","assetClass":{"globalIdentifiers":[{"name":"sterlingSupplyChain.globalId","value":"Vestas-V82/1650"}]},"location":{"globalIdentifiers":[{"name":"sterlingSupplyChain.globalId","value":"Rosiere Wind Farm"}]},"status":"ACTIVE","name":"RWF-Vestas-V82/1650-17","currentLocationCoordinates":"44.673321,-87.635086","metric2":2.26,"metric2Units":"MW","metric1UpperLimit":10,"metric1LowerLimit":2}}}