 {"eventCode":"objectUpsertEvent","tenantId":"a00d66da-09db-4d14-a26f-a1bab83f147d","eventDetails":{"businessObject":{"type":"Product","globalIdentifiers":[{"name":"sterlingSupplyChain.globalId","value":"GE-2.5-116"}],"customAttributes":{"diameterFloat":116,"heightFloat":80}}}}
 {"eventCode":"objectUpsertEvent","tenantId":"a00d66da-09db-4d14-a26f-a1bab83f147d","eventDetails":{"businessObject":{"type":"Product","globalIdentifiers":[{"name":"sterlingSupplyChain.globalId","value":"Gamesa-G97/2000"}],"customAttributes":{"diameterFloat":97,"heightFloat":120}}}}
 {"eventCode":"objectUpsertEvent","tenantId":"a00d66da-09db-4d14-a26f-a1bab83f147d","eventDetails":{"businessObject":{"type":"Product","globalIdentifiers":[{"name":"sterlingSupplyChain.globalId","value":"GE-2.3-116"}],"customAttributes":{"diameterFloat":116,"heightFloat":80}}}}
 {"eventCode":"objectUpsertEvent","tenantId":"a00d66da-09db-4d14-a26f-a1bab83f147d","eventDetails":{"businessObject":{"type":"Product","globalIdentifiers":[{"name":"sterlingSupplyChain.globalId","value":"GE-5.3-158"}],"customAttributes":{"diameterFloat":158,"heightFloat":100}}}}
 {"eventCode":"objectUpsertEvent","tenantId":"a00d66da-09db-4d14-a26f-a1bab83f147d","eventDetails":{"businessObject":{"type":"Product","globalIdentifiers":[{"name":"sterlingSupplyChain.globalId","value":"Vestas-V82/1650"}],"customAttributes":{"diameterFloat":82,"heightFloat":75}}}}
